t,r,psi,theta0,theta1,theta2,theta3,theta4,theta5,theta6,theta7,theta8,theta9,theta10,theta11,theta12,theta13,theta14,theta15,theta16,theta17,theta18,theta19,theta20,theta21,theta22,theta23,theta24,theta25,theta26,theta27,theta28,theta29,theta30,theta31,theta32,theta33,theta34,theta35,theta36,theta37,theta38,theta39,theta40,theta41,theta42,theta43,theta44,theta45,theta46,theta47,theta48,theta49,theta50,theta51,theta52,theta53,theta54,theta55,theta56,theta57,theta58,theta59,theta60,theta61,theta62,theta63,theta64,theta65,theta66,theta67,theta68,theta69,theta70,theta71,theta72,theta73,theta74,theta75,theta76,theta77,theta78,theta79,theta80,theta81,theta82,theta83,theta84,theta85,theta86,theta87,theta88,theta89,theta90,theta91,theta92,theta93,theta94,theta95,theta96,theta97,theta98,theta99
0,2.9057317281871775e-17,-0.11487660541689912,1.4451326206513049,4.649557127312894,4.39822971502571,2.5132741228718345,4.1469023027385274,4.209734155810323,2.261946710584651,5.152211951887261,2.7017696820872223,3.832743037379548,0.25132741228718347,1.5079644737231008,3.6442474781641603,0.5026548245743669,2.450442269800039,3.1415926535897936,6.031857894892403,2.387610416728243,1.7592918860102844,3.8955748904513436,4.272566008882119,4.71238898038469,0.4398229715025711,5.717698629533424,3.330088212805181,5.592034923389832,4.775220833456486,5.843362335677016,5.089380098815465,6.220353454107791,2.8274333882308142,3.5814156250923643,0.5654866776461628,2.1362830044410597,5.7805304826052195,2.199114857512855,0.8168140899333463,4.586725274241099,4.461061568097507,0.942477796076938,1.0681415022205298,3.9584067435231396,1.9477874452256718,0.6283185307179586,1.1938052083641215,1.6964600329384885,4.335397861953915,0.3769911184307752,1.3823007675795091,1.8221237390820801,1.2566370614359172,1.6336281798666925,4.900884539600078,3.7070793312359562,3.518583772020569,1.1309733552923256,3.392920065876977,3.0159289474462017,3.204424506661589,5.340707511102649,1.884955592153876,5.906194188748811,3.267256359733385,6.157521601035995,2.8902652413026098,0.12566370614359174,4.9637163926718735,5.969026041820608,1.3194689145077132,5.215043804959057,2.0106192982974678,5.6548667764616285,4.084070449666731,2.0734511513692637,5.46637121724624,5.403539364174445,5.026548245743669,0.8796459430051422,6.094689747964199,0.06283185307179587,0.6911503837897546,2.7646015351590183,1.5707963267948968,2.5761059759436304,0.7539822368615504,2.324778563656447,3.0787608005179976,3.769911184307752,0.0,4.523893421169302,1.0053096491487339,0.1884955592153876,3.455751918948773,2.9530970943744057,4.0212385965949355,5.277875658030853,0.3141592653589793,4.838052686528282,5.529203070318037,2.6389378290154264
0.001,0.00040050845354573677,0.647084673975089,1.45013538739895,4.649939905189167,4.397052642363039,2.524002415403534,4.142396417003227,4.200696549738015,2.266101350427254,5.150946735760627,2.7049286758631075,3.828233672190481,0.2563191733203497,1.5082585111314462,3.6386803812605875,0.5075709871256677,2.4512242624571234,3.139087306343236,6.030662581412583,2.3827396086035866,1.7659793121476404,3.894758571055478,4.272993454331226,4.711383483715781,0.4296927668147729,5.71707795907733,3.3363937408640516,5.5842107735474125,4.781586597959853,5.834514971970634,5.09839628622777,6.220006592328872,2.828172437962164,3.580572060125167,0.5689641249978703,2.1267297355554446,5.783844486723685,2.189104509742822,0.8189781581922011,4.589176630162821,4.460908948426305,0.945361628029074,1.0684957796332346,3.951872215801114,1.946679881765524,0.6387535377458238,1.1931227205118224,1.6989603050657593,4.337150721417353,0.37729900553267076,1.3796356035113266,1.8174925269361588,1.2608205811768778,1.6318876061779772,4.895383856247223,3.712287283765623,3.5185992179540664,1.1353686851132156,3.3904654540373835,3.0157676355705063,3.2095973885606157,5.341274036476731,1.8773490644547737,5.908493939062769,3.2732084563264525,6.154446437058533,2.883750411135517,0.12279789066904966,4.973198453951357,5.969264725970988,1.3137525274192345,5.216951920879589,2.0084759117830497,5.647616930574859,4.086194149529234,2.0744683397205432,5.466093088836031,5.400393206543662,5.032459356751128,0.8701615787055426,6.1043412828356995,0.06555752709581157,0.693741545003394,2.7565128821665237,1.5786052622564768,2.568785588587327,0.7602283749717579,2.3191435872914083,3.076137211400118,3.770297626381935,-0.005371592552982888,4.5300534688251695,1.0000540555402027,0.1928995311066035,3.4577277523922225,2.9586905669403074,4.025148803452966,5.279577386744384,0.30443460833992053,4.848063438607143,5.528281001177232,2.6340483663563212
0.011000000000000003,0.00431112230985103,0.6781402781523089,1.5003710861979993,4.652072038564652,4.3847940102503165,2.632208921628218,4.096075005155957,4.110356565709509,2.310346601070834,5.135831795930517,2.7365119240533904,3.781651290118298,0.3082617714172528,1.512495278800874,3.579148541988463,0.560145924804938,2.457932339721383,3.114357401152046,6.019945052119116,2.3357604270700745,1.8313053102152015,3.8858603967106333,4.276619255033744,4.702658607811923,0.328834831203192,5.7080020368142765,3.4032266214546363,5.50636498985556,4.840381893514902,5.7518070511938175,5.183775945487742,6.217391799725301,2.8355114809839272,3.5712591743698567,0.6047742128626367,2.0282308666778484,5.823473797178522,2.0864218036835993,0.8397788983726183,4.613054737162078,4.459301717865599,0.9743275379994493,1.0745881314520993,3.8839992981009392,1.9371247356708243,0.7396632249842111,1.1895627597852938,1.7234219677623794,4.3547869281034455,0.3796595359465986,1.3529670872421022,1.7736432494552656,1.2992078299398353,1.6169869823377834,4.840481443271037,3.761845205981045,3.5192252855145663,1.1813930634101402,3.36533822321204,3.0149587265705677,3.2605580523246185,5.348486835279703,1.7973895706221463,5.932287622066962,3.336087641399698,6.122185953397302,2.816684345875142,0.095673689817718,5.066059802679559,5.973121075239923,1.254985967375335,5.238715285081254,1.9871530143212857,5.573944529066266,4.107474791213915,2.0848754600940937,5.4622224691531835,5.3719530949172976,5.0913398445139295,0.7760398489655398,6.196305179843359,0.0945429813936336,0.7210109127644775,2.676102237485564,1.652538154873967,2.497185899946919,0.8233071326338541,2.2635203094170135,3.0499496272806472,3.774813549450541,-0.06085336479601885,4.595058609826098,0.9464493589439136,0.235700472889937,3.47770468486462,3.013547700563452,4.064272497724566,5.295892075973934,0.2074410042068278,4.946490472598205,5.522496848399125,2.5851325884237806
0.02100000000000001,0.008062034235643301,0.7075506194635115,1.550792091308849,4.651084782602549,4.372047441539071,2.7407709360862444,4.048371423165038,4.0205838058254875,2.359201220407783,5.115895724926512,2.767915294038619,3.732258300117819,0.3641321213482061,1.5192179362775196,3.512123092734102,0.61938912651594,2.4626429726604555,3.0901065444202627,6.011482630766356,2.2920154290206263,1.8935812202492155,3.8758232870793385,4.279168658793549,4.695985300750052,0.22914570280238836,5.693476051786947,3.476549539258603,5.4298988981920475,4.890036854427562,5.679741889965006,5.260402388467508,6.216439428870389,2.8426528739043464,3.5602968337939003,0.6419055682878443,1.9249121746652553,5.875091064446911,1.9794885072790251,0.8584925658233111,4.6358329989176115,4.457483068269691,1.003703542289662,1.0854188075000113,3.8112904033206902,1.9306059948431775,0.8342339486257069,1.191525567968786,1.7470777635926984,4.372684195086126,0.38068584395006294,1.326397237200474,1.7339342612633544,1.331846719695989,1.606478722176196,4.785878020146759,3.806757705668174,3.5204861473661957,1.2311576393368917,3.3392859740035896,3.015412851107023,3.3101030665986895,5.358872655206536,1.7102725596403128,5.957259518885814,3.405390763208927,6.0870048875973115,2.7459193728669256,0.07195850627796728,5.154848411716685,5.9795933810984545,1.193427832765426,5.265532207313323,1.9659835517376547,5.498346698002274,4.128508542868481,2.0957973469341855,5.456541234832188,5.348631961225107,5.149149785221628,0.6847259183399573,6.279637516916344,0.1262878309477539,0.7504100837467379,2.5974724132633558,1.7180475177968992,2.429445899647638,0.8863892463474359,2.2096455525640804,3.023913075348947,3.780540991052472,-0.11909139002454809,4.665780441028738,0.8911268532360429,0.27594893601290493,3.498122188094317,3.0665251171354697,4.103375065915905,5.310579212745745,0.11261352437719355,5.040618905403749,5.52311366893733,2.5362604495592334
0.03100000000000002,0.011670439641397572,0.7356997438110717,1.6011327223632899,4.646962147326365,4.359395437143185,2.847773771832151,4.000562864079362,3.932202449756221,2.412115288149649,5.090697981730928,2.7988748261203433,3.6799117274236686,0.4242760138158942,1.5285545615426595,3.437041956573711,0.6858665297187287,2.4654342829930456,3.066172138402221,6.005293137873241,2.2515424292801267,1.9525625304193461,3.8649261051601975,4.280771978162328,4.690831457877053,0.13108511668691805,5.6733658242744625,3.5555457466607034,5.355721671229659,4.930605359171679,5.6179626165054435,5.328587155592703,6.217222970847415,2.849438360097287,3.5476434658235236,0.679455724711973,1.8179644030333337,5.938356497250213,1.869213611183769,0.8743108156022852,4.657611632818213,4.455355678184765,1.033753174477037,1.1011048172386508,3.7334852360760884,1.9273360495510872,0.922540499325786,1.1983891321180393,1.7701504623139537,4.390931567911211,0.3803456999721596,1.3000818417480196,1.697891386898047,1.359477894270753,1.6001306163231732,4.731671058113824,3.8469991365046443,3.522085251180786,1.2845697176341502,3.3125283609817524,3.0168695847345486,3.3582052066736083,5.372878459981686,1.61606969129075,5.982888216525656,3.4815313424147387,6.04870495007267,2.671129768611528,0.05243089302197105,5.239041742112388,5.988483575651893,1.1293682646486896,5.297584860293965,1.944880269449096,5.421145560564857,4.148808360489037,2.1073666554048187,5.449264151862868,5.329873872487988,5.204988966098686,0.5979944724188847,6.3542225833273625,0.1602351410150036,0.7814105909067233,2.5217136711382673,1.774426682591486,2.366596309540741,0.9479701082334262,2.1580721705582273,2.9981223647464326,3.7874775347305856,-0.17926558713773116,4.741265502705773,0.8344546405077963,0.3132508734057273,3.51905777562124,3.117738970389525,4.142362705886132,5.323255975284327,0.022109117714427515,5.128997872703859,5.530200439218639,2.4875211479103196
0.04100000000000003,0.015144318375598185,0.7632243087598973,1.651143842647575,4.639735525047516,4.347381737581903,2.9514287712113245,3.9537988003753965,3.8461270561642533,2.468396703620121,5.059892894547569,2.829092391966995,3.6244875542655923,0.48901204747103144,1.5405344614788905,3.353601201712561,0.7599237690556865,2.4664545805522415,3.0423861912544896,6.001406778185918,2.2142783525202727,2.0081097713782055,3.8534341294678813,4.281538134543625,4.686672389755888,0.03503628370291437,5.647811717034911,3.6390507348463608,5.284705411963503,4.962604436560764,5.565613919314716,5.388974666805236,6.219736281765585,2.855702759613862,3.5333082532397113,0.7164581807337943,1.709069730735227,6.0119704022609355,1.756910217544379,0.886464099052069,4.678516326386906,4.452814989195256,1.0647497121839034,1.1216996186293267,3.6504778217734852,1.9273028930278815,1.0048467376295316,1.209527229046084,1.7928248237238025,4.409612735579788,0.3786173699589642,1.2741409031214743,1.6650691234216253,1.382810588541261,1.5977198033485733,4.677888482087997,3.882612911592724,3.523762660776878,1.3414541218150318,3.2853282028813315,3.0191004840261413,3.404840584972412,5.390819970853924,1.5151410841555712,6.008469584929827,3.564828328672597,6.007199972067781,2.591971811265259,0.03770882864158833,5.318372528949181,5.999463487833646,1.0632598869944283,5.334939502495474,1.9237348876947764,5.342681383310724,4.167875454123278,2.1197299424951557,5.440568735452304,5.3151087611015155,5.258072892767737,0.5171096641865717,6.420376922834728,0.1958441026851505,0.813463372711632,2.449621482499058,1.8215799306936808,2.309251136229567,1.0067672210442897,2.1092428343985357,2.9726723698708932,3.7955645608081734,-0.24037459080758128,4.8202281708419505,0.776936994449332,0.34726818786900276,3.540608196784842,3.167307432545243,4.181134205759475,5.333713976436223,-0.062431680293295884,5.210686935797447,5.543664103787347,2.4389694157702566
0.05100000000000004,0.01847626303949245,0.7907975651628256,1.700595662451271,4.6294822959988755,4.336453206366097,3.0502332856560943,3.909015132944952,3.763289648748688,2.527245319673235,5.023268327612057,2.858233464504415,3.5659015690337412,0.5585986675369305,1.5550568224280688,3.261916251295098,0.8415394647492008,2.465937892165625,3.018579344916745,5.999871422601952,2.1800818103841375,2.0601706862042657,3.841590031498046,4.281555677944793,4.683010917919357,-0.058692156971899605,5.617228687356027,3.725601733812439,5.217671273331388,4.986835326966592,5.52160255106583,5.442367158269797,6.223925237948446,2.861279550828754,3.5173510130723136,0.7519816147422296,1.6003314628833765,6.093594222892742,1.6442811882668151,0.8942866244690905,4.698693906433928,4.4497494723673805,1.0969724408833463,1.1471570653917007,3.5623763913186144,1.930283802616329,1.0815359546301828,1.2243412550172799,1.815251311672039,4.428806206550383,0.37548964569871623,1.2486619450625331,1.6350634790187002,1.4025025170702172,1.5990393877960793,4.624498859823647,3.9136984099700554,3.5253040208801067,1.4015444788031726,3.2579911450748895,3.0219100750174417,3.449992233539498,5.412823084318146,1.408187541201862,6.03313160862062,3.6554416106979817,5.962575351204608,2.5081014687874514,0.028234133933894755,5.392795299828119,6.012111368490137,0.9957233505103281,5.377518610670055,1.9024243982910316,5.26329668453928,4.185218646307711,2.1330511600662527,5.430594772948404,5.303769191252308,5.307797603345597,0.44283888933323323,6.478726344684133,0.23261439222217623,0.846038220112471,2.381715718777135,1.8598803777066888,2.257646172877143,1.0617976475803836,2.0634640145119247,2.947651367906573,3.8046888045088596,-0.3013134422766476,4.901127376249564,0.7192063134629475,0.37773013884646306,3.562887119857722,3.2153495311930516,4.21958439053785,5.341918829646269,-0.13996150916328784,5.285275773915476,5.56329398071156,2.390629508528017
0.06100000000000005,0.021645513368045835,0.8189044219190427,1.7492787960141456,4.616322030558435,4.326921922418193,3.143068484008461,3.8668917704740093,3.6845615123814444,2.587794300456685,4.9807825001773125,2.8859276131741294,3.5041381889980463,0.633190423115678,1.571868985246506,3.162691158497233,0.9301677514062365,2.464212675581773,2.994585256931017,6.000756632437456,2.148754669114404,2.10876201503683,3.8296079027508663,4.280894476107304,4.679394114968006,-0.1498587883410296,5.582277065930521,3.8135334437544146,5.155349547729959,5.004241950607283,5.484778334610909,5.489605507585176,6.2297126669235015,2.8660052450594673,3.499875689171136,0.785233696536103,1.4940850461752666,6.180007707609875,1.5332978171279996,0.8972761414020974,4.718304965044902,4.446040888257302,1.130701071301668,1.1772928565246863,3.46955814199693,1.9358697124395938,1.1530523634703524,1.2422792132815266,1.8375501145375268,4.4485852429810855,0.3709617321075415,1.2237041848782082,1.6075170219411414,1.4191507940577743,1.603900603935532,4.571423822078162,3.940397809599476,3.5265470334084394,1.4644799015123968,3.2308609865301614,3.025136542511263,3.493652850679696,5.438771050666173,1.2962721497667573,6.055883724863079,3.7532947492977553,5.915152971759317,2.4191966913744265,0.024264920841783767,5.462439452082746,6.025954624009497,0.9275359367316429,5.425080683639831,1.8808213889748413,5.183320547130141,4.2003728797347,2.147514370496254,5.419444557355139,5.295306515058354,5.353766027649215,0.3755208604211065,6.5300777538847825,0.2701002538743291,0.8786536584617344,2.318283743388473,1.8900114724257855,2.211712109120367,1.112400846163833,2.0209008956895786,2.9231356486724427,3.8146909561675653,-0.36097467214175405,4.982290370378904,0.6619883020937842,0.4044406120343395,3.586022173951896,3.2619843233806383,4.257608104044176,5.347983626659934,-0.2099883843910333,5.3528168321464324,5.588804369537383,2.342500989279486
0.07100000000000005,0.02462652712537774,0.8476817576255613,1.7970040520636297,4.600411169381581,4.318952395251508,3.229226384536321,3.8278538582062684,3.6106833193506978,2.6491509737010954,4.932593715140289,2.9117736564168606,3.4392867574853327,0.712784706115398,1.5905665958917923,3.0573449014372125,1.0246159710538314,2.4616960539252775,2.970245013555449,6.004156420137413,2.120060939241243,2.1539526362734955,3.817670031579928,4.279607893474759,4.675425744731156,-0.23827947249895698,5.543804103751064,3.9011087902398915,5.098325948297468,5.015810221752982,5.454042889774162,5.53149868918233,6.237015869737213,2.869722590720275,3.481018355725399,0.8156430674424102,1.3926126304955162,6.267518795697888,1.4259717445707738,0.8951349489491972,4.737513928874792,4.441564560355929,1.166208216125945,1.2117507817626503,3.3727068339743758,1.943500491281085,1.219855702965778,1.2628447693447682,1.8598150539253309,4.46901755493609,0.3650430886929546,1.1993029991243462,1.5821190558926035,1.4332897521289272,1.612131887312835,4.518551428469923,3.9628840315095792,3.5273849445014274,1.5298087396349422,3.204310218125336,3.028651876015581,3.5358267765568914,5.468271158713455,1.1807957956297028,6.075703491394818,3.8579946447475733,5.865550020408885,2.3249846103610627,0.02586990964001405,5.527558628322311,6.04051363360615,0.8596008034174387,5.477212897308741,1.8588079473087968,5.103054549506731,4.212915233545738,2.163325406351758,5.407183671425483,5.289204258626246,5.395781099990926,0.31515867253809887,6.575310296761662,0.30791628481127675,0.910896007403456,2.2594303141366314,1.9128265250537366,2.171158897198009,1.1582173707333097,1.981589562338445,2.8991860044994016,3.8253800582616773,-0.4183518573346354,5.062061729141413,0.6060437961005192,0.4272796267642921,3.610151653455778,3.307330330596019,4.295104288456139,5.352128935708153,-0.2724674728976772,5.413710725973869,5.6198675114688665,2.294566064254283
0.08100000000000006,0.027398579245684968,0.8768980344058067,1.8436015099416168,4.581937039002378,4.312571194756575,3.308378246430451,3.7921049062250165,3.542214543794572,2.7104312811656057,4.879077225261131,2.935351295034346,3.3715822182740696,0.7971639938680373,1.6106264443559957,2.948025216706202,1.1230220236429589,2.4588667557737804,2.9454109166911935,6.010190784809384,2.0937423149666965,2.1958489550085716,3.8059259629349036,4.277735268929657,4.670774069789789,-0.32381736351610346,5.502763471328115,3.986661925046321,5.046992852581521,5.022501441904612,5.428405232501538,5.568788099050417,6.245757833001703,2.8722826747408474,3.4609321480620387,0.8428980366924109,1.2978389236173327,6.3525189012564605,1.3240783723082208,0.8877816318905004,4.756477736701663,4.436189744995553,1.2037502467305872,1.2499837462349381,3.272819455635556,1.9525118523051548,1.2823887225405548,1.285599361903958,1.8821171699676598,4.49016477053903,0.3577532963387938,1.1754743157635315,1.5586029940781012,1.4453927385271332,1.6235757776552533,4.46574957393497,3.981350495455887,3.527766602965822,1.5970003003674307,3.17872600260688,3.0323612465561136,3.576531416064087,5.500654847002608,1.0634190308226863,6.091652471107035,3.9687660032030285,5.81471377163261,2.2252738886337577,0.032920672771076506,5.588483233262122,6.055341859295316,0.7928977853356182,5.533340372703276,1.836291864115403,5.022761360043193,4.22247732898988,2.1807122342227725,5.393842200369801,5.2849874754973145,5.433816960009156,0.26151531057125293,6.6152958806477455,0.3457374424674975,0.9424284324507934,2.2051242150066783,1.9292412346646644,2.1355552115751326,1.1991403307910813,1.9454599645849935,2.875846246497108,3.836550899319287,-0.4726231980244209,5.138946891842854,0.5520987791761616,0.4461983381868383,3.635421210670401,3.351505167216665,4.331979769448151,5.354640948206822,-0.32766943788139985,5.4685827598031445,5.65613409004211,2.246798326591796
0.09100000000000007,0.029951141225228756,0.9060871347758516,1.8889194201062154,4.561111816139476,4.307691611318512,3.380507060037642,3.7596757270230046,3.4795076561761586,2.7707857954946618,4.820823954913447,2.95624022398097,3.3014433924108277,0.8858435923206835,1.631473530727647,2.8374533468361656,1.222986204743959,2.4562155782282598,2.919948758287228,6.019006070635838,2.069530386792821,2.2345828234616674,3.7944933158973333,4.275304510142201,4.6651752024059405,-0.4063746502520813,5.460126291213902,4.0687262526401256,5.001521819250649,5.025211085983287,5.407003089008937,5.602133969736863,6.255873722464238,2.8735460261810344,3.4397721833394983,0.8669360274016391,1.2111074085082545,6.431994031475514,1.2289254510116827,0.8753318488486822,4.775334688693272,4.429780248177871,1.2435573531957391,1.2912598374796518,3.171170652060576,1.9621927631759652,1.3410562366413559,1.310159911213357,1.9045079039666648,4.512081708180456,0.3491219929192549,1.152218715726674,1.5367423099704771,1.455875944342131,1.6380842684096073,4.412878885229282,3.9960029652464018,3.5276928690495426,1.6654642922625986,3.1544926567641047,3.0362014577250718,3.6157983247330434,5.535019531252316,0.9459365284693848,6.103000869746559,4.08442453088429,5.76391140483768,2.1199919088428962,0.04508136679498404,5.6455797902395375,6.070058123200637,0.7284207200431041,5.5927528929727295,1.8132231310466531,4.942656566586814,4.228753686276231,2.1999238129215235,5.379416297866844,5.282227823124775,5.4679801022818815,0.2141980803578573,6.650848751963537,0.3832955319673393,0.9729919230698445,2.1552374298239036,1.9401604640271672,2.104394473620033,1.235255970951694,1.9123630798542368,2.853143498548811,3.8480010306982106,-0.5231996739009616,5.211721783331613,0.5007782899785336,0.46120813115173875,3.661980827586673,3.3946253073542745,4.368152452430532,5.355835237610857,-0.3760583521381546,5.518175261059451,5.697242203259831,2.199172727058427
0.10100000000000008,0.03228355074833546,0.9347671041586622,1.9328233841262137,4.538166751998409,4.304145011742728,3.4458269004239885,3.730475349150691,3.422706684890947,2.829419081065381,4.758617695885049,2.9740460804803175,3.2294982668893617,0.9780394965838928,1.6525682587064943,2.7286012629847605,1.3218600236478615,2.4541819091904746,2.893737790241196,6.0307741811966205,2.0471559615888624,2.27030191125887,3.783459850502892,4.272334646861222,4.6584325316176045,-0.48588678121534246,5.416799662511687,4.146125236446179,4.961864907215582,5.024745689892025,5.389104231658081,5.632114434403824,6.2673141227748195,2.8733828835243496,3.4176830520114954,0.887895158941016,1.1331000778006877,6.5038307809072675,1.1412407577830104,0.858056591295142,4.794194941089147,4.422195486162389,1.2858240583957012,1.3346998601208364,3.0692316198705134,1.971848595672606,1.396214011455369,1.3361940676120625,1.9270218755541202,4.53481548544533,0.33918889445551403,1.129525130742055,1.5163459303910296,1.4651030364141484,1.6555130351123397,4.359804818072643,4.007053452156935,3.5272095243426946,1.734576437511282,3.131972467731482,3.0401384213924794,3.6536740030090433,5.5703094233680535,0.8301253373410121,6.109332336207907,4.20341130687429,5.714658738251274,2.0092251524291633,0.06179941514285074,5.699218369712967,6.0843680852463775,0.667109819143238,5.654646189011328,1.7896083519948287,4.86290386618419,4.231506267332538,2.221227245191203,5.363870094580491,5.28054487229762,5.498469593781465,0.17272615449188097,6.682698641530204,0.420373860264673,1.0024005028637717,2.10957619928013,1.94643366934016,2.0771447592082377,1.2667853760949708,1.8820972727497995,2.8310897846800818,3.8595446060002327,-0.5697341553995978,5.27949211954477,0.45255800694950665,0.47236567217266623,3.6899822623173946,3.4368059479525668,4.403553750716611,5.356029264194031,-0.4181949743155128,5.563265769284474,5.742817617055484,2.151676424890298
0.11100000000000008,0.03440098103787232,0.9626322705051416,1.9751961293051046,4.513346732577186,4.301712193841677,3.5047057260403904,3.704335331267309,3.3717653909985383,2.8856060341050256,4.69339078724992,2.988430402908892,3.1565837916441026,1.0726724206721387,1.6734864370211904,2.6242841689140097,1.4171185728456503,2.453093530299719,2.8666681323031127,6.045690637811264,2.026356116368222,2.3031622605939113,3.7728863356952456,4.268838218724859,4.650412967766752,-0.562318988985702,5.373565688216342,4.218015478416602,4.927782315526475,5.0218124571340255,5.374097366205248,5.659231072059952,6.28004615637826,2.8716728395286726,3.3947902398624272,0.9060487434171483,1.063896675346298,6.566870178067573,1.0611927243106885,0.8363318016262292,4.813133610182465,4.413292191786927,1.3307015732139786,1.3793447270205452,2.9685524111982984,1.9808616461043167,1.4481655893341632,1.363414378039531,1.9496792910862466,4.558404507928501,0.3280038939721208,1.1073740924797224,1.4972535830551814,1.4733898539420296,1.675714896019953,4.3064088098441315,4.01471595540058,3.5263972904541285,1.8037075592440341,3.11148715052979,3.0441637313732244,3.6902202013637457,5.605420342797764,0.7175973830734274,6.110601669282041,4.323897728627424,5.668586590608947,1.8932589123600312,0.08230401268835617,5.749747853158576,6.098073621557071,0.6097892808865271,5.718171673190635,1.7655208264802513,4.783613411923761,4.230565963769705,2.2449030064081836,5.347138018279861,5.279604539985415,5.525541838054339,0.13658057145269045,6.711480665085288,0.4568011728391605,1.030532865275929,2.0679048712753514,1.9488314618273832,2.0532834773951962,1.2940341521432532,1.8544309281799438,2.8096843627365566,3.871021547104294,-0.6120985793390796,5.341701479800672,0.40774069558986603,0.47975647909694846,3.719577028740341,3.4781609362675665,4.438130176347864,5.35552376000076,-0.4546684618813587,5.604611137578034,5.792468598093937,2.1043199258107617
0.1210000000000001,0.036309672852113124,0.9896437368637366,2.015938013184303,4.486905130522588,4.300150616364297,3.5576006361000574,3.6810440013163905,3.3264783208841577,2.9387081188777047,4.626162610614523,2.999139767065509,3.0837102210424114,1.1684193490427932,1.6939648404420247,2.52679945071265,1.506695454319358,2.453127883831242,2.8386361900447823,6.063971382434332,2.0068796599896754,2.3333226991936633,3.7628098506105285,4.264823409093447,4.641040834719316,-0.635664341758397,5.331047313687496,4.283884459094176,4.898887083006021,5.017017662244298,5.361478406589126,5.683917227437833,6.294053274848785,2.868304102049322,3.37119556962435,0.9217419375506762,1.0031194641853975,6.620771008606661,0.9885039046949374,0.8105918960422951,4.832186810586265,4.402926932502071,1.378293071453279,1.4242414647253532,2.8706285104443543,1.9887392747428503,1.4971650689507783,1.3915722838418978,1.9724880372247948,4.582877390085164,0.3156272087171166,1.0857405302079899,1.4793313788588394,1.4810087602220081,1.6985328610263357,4.252598376324753,4.019203730631223,3.525359988229055,1.8722528055370011,3.0933022591494788,3.0482905216528646,3.725513385033504,5.6393059646720864,0.6096852229089019,6.107130176829497,4.443947990162872,5.6272643849380435,1.7726097871430313,0.10562114985415932,5.797478227316916,6.11107070473745,0.5571193384240494,5.782486956217702,1.7411047101159218,4.70484293407116,4.2258320854875,2.2712380022082224,5.329127683465473,5.279115610809649,5.5494822625496365,0.10523877574236856,6.737735900312781,0.4924455437161361,1.057322260939399,2.0299638776119844,1.9480364026841634,2.0323193920074107,1.317352732817966,1.8291202046915662,2.788916324161951,3.882301917797143,-0.6503419012464351,5.3980993063270155,0.36645701541132936,0.48347950035389337,3.7509148227512608,3.5188027353363007,4.471844115184416,5.354591617745339,-0.4860528640708393,5.642912896033426,5.845778415450099,2.0571476406058435
0.1310000000000001,0.038013652258227976,1.016020837733642,2.0549681954659045,4.459098886447819,4.299215712164726,3.605008536789559,3.6603706041796515,3.286518048690131,2.9881899683033555,4.557969223700198,3.006028398497018,3.0119883240958347,1.2638123595283222,1.713900589704199,2.437718502373479,1.5891793836482393,2.454304390132259,2.809539404275543,6.0858480917848246,1.9884916411341667,2.3609407903027724,3.7532472356047477,4.26029587073189,4.630290239891914,-0.7059423865796923,5.289700039418327,4.343514413538986,4.874695721147712,5.010870897801964,5.350835478249834,5.706547030609084,6.309334238083448,2.8631726011284258,3.3469759249254163,0.9353418085132217,0.9501002623987168,6.665786249946503,0.9225992588409467,0.7812942016162105,4.851350467482283,4.390959550033577,1.4286522464762188,1.4685298466096486,2.776778356883942,1.9951420138589642,1.5434238229334996,1.4204525052651602,1.9954455180406405,4.608251869456945,0.30212952859000625,1.0645961381605131,1.462467763638834,1.4881924560431996,1.7237931860177949,4.198315987200866,4.020727760111251,3.5242121364889205,1.939657710456175,3.0776163700422146,3.0525488781148913,3.7596430591571246,5.67106394254404,0.5073785947728174,6.0995416885172995,4.561704286222287,5.592017650992851,1.648042356975593,0.13061286647308776,5.842669126354266,6.123338051986394,0.5095685373651153,5.846800136337732,1.7165726308727896,4.626601200535409,4.217270955391427,2.300516181003058,5.309723598632388,5.2788252070756,5.570584235211552,0.07819682479180336,6.76191801886651,0.527208586488257,1.0827460036702763,1.995483088811933,1.9446426652584052,2.013804996966844,1.3371072592027198,1.8059219359693632,2.76876711156982,3.8932863481752,-0.6846415761156072,5.448685257547055,0.32868468432433134,0.48363455185378945,3.7841421862522058,3.5588424012809656,4.504673873567766,5.353472451259385,-0.5128824656046074,5.678798143058695,5.902298171957919,2.0102467567081788
0.1410000000000001,0.03951410054676834,1.0421841321334,2.0922262281959654,4.430183803538642,4.298676097803241,3.6474314464497914,3.64208105039684,3.2514731511879886,3.0336342759022727,4.4897946179379815,3.009069519324555,2.9425298334579884,1.3573693457086364,1.7333132210332218,2.357859688697414,1.6638431740730313,2.456504878122731,2.779271981234996,6.111561607732876,1.9709774603269918,2.3861700372848764,3.744198487747862,4.255260219341008,4.618176686250801,-0.773197622614814,5.249823510866517,4.396927150721891,4.854675667790409,5.003792896511786,5.341834428215812,5.727444043030116,6.3259015913584244,2.8561811429493824,3.322184234461268,0.9472038536367425,0.9040261976859937,6.70253787826895,0.8627443234866317,0.748895648338243,4.870581517118082,4.37725758102358,1.4817846412553746,1.5115114019215086,2.6880549106409912,1.9998889277157308,1.5871192223614035,1.4498681027267561,2.0185402910072368,4.634533784146064,0.28759210511056277,1.0439113456571014,1.4465698871548351,1.4951372042140831,1.7512989440369462,4.1435464474022465,4.019496119413012,3.5230673189320822,2.00543848875992,3.064556001793869,3.0569811113608725,3.7927088959857245,5.699988830629345,0.4113136779199995,6.088658790358318,4.675551131132898,5.563779582070781,1.5205616480298951,0.15604383743558628,5.885524082230276,6.134919817405217,0.4674074940980677,5.9104032320599815,1.6921971615193823,4.5488534116197625,4.204914546450192,2.3330064399302994,5.288792021185086,5.278513891751304,5.5891344072666955,0.054982423732324856,6.7844028099938845,0.5610201650036191,1.1068155147560004,1.9641915709743394,1.939160776050904,1.9973420231783654,1.3536595999298437,1.7846023293861062,2.7492127467801137,3.9039037568100365,-0.715257910751454,5.493645431052248,0.29427795629854386,0.4803136068149492,3.819401117620329,3.5983895422754935,4.536613123572328,5.352371101317227,-0.5356402076571485,5.712810948889732,5.961542163883424,1.963753180614638
0.1510000000000001,0.04081145434546945,1.0686929708865323,2.1276736724659733,4.400410107251312,4.298323370280404,3.685353950535337,3.6259474295659597,3.2208830901757066,3.074751676176205,4.422513482890569,3.0083533439061174,2.876341888091039,1.4477295122615557,1.752290683417955,2.2873976230328528,1.7305446697102902,2.4595106238409934,2.747723098042152,6.14135293974245,1.9541470368503027,2.409158108684447,3.735649962888291,4.249721195642495,4.60474857720875,-0.8374973772876109,5.211585094336029,4.444323172604013,4.838284144777092,4.9961252160463046,5.334205689759494,5.746889037558639,6.343779806634475,2.8472387749390022,3.296851782434528,0.9576528991469486,0.8640463642473399,6.731834974704954,0.8081515257053122,0.7138395745117392,4.889801085829892,4.361701683080654,1.5376505651462018,1.5526888522196327,2.605203137495952,2.0029430554528016,1.6284037074570321,1.479656316704984,2.0417535499807498,4.661716189962417,0.2721067118284525,1.0236569271022282,1.431560388538709,1.502005510940616,1.7808247206137202,4.088322390451652,4.0157139693883455,3.522028434737988,2.069195088599888,3.0541762640954064,3.0616371906234314,3.8248169036370965,5.7255898388702535,0.32180421303937645,6.07538686790679,4.784224463992931,5.543005087474211,1.391376524622604,0.18067072380347318,5.926190089798379,6.145905797542795,0.43072127250081127,5.972693133477505,1.6682973627070503,4.47152818950563,4.188859756856698,2.368947655532318,5.266187348034765,5.277990911829236,5.60540325126637,0.035161511543434894,6.805498605628313,0.5938336717290412,1.1295674456497584,1.9358245454491088,1.932024934679477,1.9825823474630948,1.3673546098734433,1.7649423309260808,2.7302256784057652,3.9141075822261784,-0.742496339025153,5.533291654733514,0.2630001577003096,0.47359619077945947,3.8568272966761072,3.6375522223711423,4.567669890354405,5.351458685074886,-0.5547545218613399,5.745410545338545,6.022987464049336,1.9178533631613552
0.16100000000000012,0.04190926739024458,1.096188340377738,2.1612952826336698,4.370018380138816,4.297977529429728,3.7192298949845646,3.611753261745449,3.1942677363329652,3.1113828510176837,4.356852205112584,3.0040729547794114,2.814239161711328,1.5337645020485828,1.7709397715129875,2.226035295462761,1.7895674598837494,2.4630432299586307,2.7147786386020076,6.175451211448174,1.9378393496507758,2.4300458954018587,3.727577301012046,4.24368451547177,4.5900791230288975,-0.8989289905283433,5.175048223672043,4.486024527064069,4.824996519661555,4.98814055724509,5.327732818802171,5.765126739498653,6.363003157477751,2.836260493707633,3.2709911551840345,0.9669744348351116,0.8293395508250827,6.7545466157754595,0.7580511148398351,0.6765493460859221,4.908899298615244,4.344192057798452,1.5961681675477186,1.5917734556892917,2.5286619891433664,2.004383608906972,1.6674129765361063,1.5096751643034594,2.0650604935275387,4.689778696666876,0.2557754045984869,1.003805288463489,1.4173745736034946,1.508928375024284,1.8121131001591368,4.032727401478618,4.009583932731636,3.5211805606922355,2.1306167599661126,3.046466396352232,3.0665705917137305,3.8560750856094423,5.747580140963683,0.23889768429194444,6.060611068706887,4.886852463016954,5.529656343916127,1.2618354418228215,0.20334148188528905,5.964761975453976,6.156412120536696,0.3994349522456173,6.033180980437446,1.6452220726556464,4.3945258885764265,4.169268460832708,2.408530888468115,5.241760439124777,5.277089942454074,5.619639534415947,0.018340538640367547,6.825456456070799,0.6256218802418093,1.1510561288723233,1.9101281758569784,1.9236013512760557,1.9692260217112905,1.3785127691822345,1.7467405124069115,2.7117762380949206,3.9238714697273704,-0.7666791614183448,5.568010058657968,0.23455422537268608,0.4635486537468907,3.8965475865290604,3.676436765842512,4.597865223189606,5.350875144191142,-0.5706011740758382,5.77697380805953,6.08607879934785,1.8727811309237734
0.17100000000000012,0.042818275871689584,1.1253316037494123,2.193099327567198,4.339236011420985,4.2974890990419174,3.74947565672897,3.59929602345466,3.1711505531050093,3.1434918821022597,4.293370383083682,2.9965018992042176,2.7567910139882335,1.6146449564888026,1.789352500979553,2.173177791315977,1.841458982979576,2.4668004552708096,2.6803270321343367,6.214057965369972,1.9219275048391036,2.4489672487390193,3.7199480336288264,4.237157440232942,4.5742590050567635,-0.9575964480578567,5.1402002927001025,4.52242655461209,4.8143246989513875,4.980052895049912,5.322242731225407,5.782371520681266,6.3836133333450595,2.823167402452495,3.2445993865551355,0.9754125651132494,0.7991512814771933,6.771522987194388,0.7117324771977166,0.6374257756312955,4.9277414220097935,4.324655801584951,1.657215460148235,1.6286658759790482,2.458599671729727,2.004372661488024,1.704272569794633,1.5398006999248066,2.0884316060951886,4.718687100577221,0.2387100144710935,0.9843314639519949,1.4039579508507678,1.5160072575128654,1.844873591896407,3.976896277622913,4.001306636751846,3.520586699273693,2.189480938110277,3.0413588309491772,3.0718347390280956,3.88658909358744,5.765848345608337,0.1624403911914717,6.0451216303728295,4.982936276952783,5.523251619355779,1.1333427208013722,0.22308668026030387,6.00129070442762,6.166564498708185,0.37334624551558043,6.091492346984369,1.623331712064618,4.317727995575398,4.146367952783678,2.451879193468818,5.215369195527892,5.275665580932427,5.6320676288206855,0.004166016350447908,6.844479459906105,0.6563733457883411,1.1713474049160755,1.8868626761119611,1.914196676879449,1.9570176515869064,1.3874266202024426,1.7298142144323163,2.6938337405474218,3.9331850387698903,-0.7881261164464638,5.5982211136791475,0.20860855152917196,0.45022687166762704,3.938676497977616,3.7151474108157876,4.627231676996666,5.350732557440214,-0.5835077933736681,5.80780047524799,6.150238999340318,1.828809231518444
0.18100000000000013,0.04355922323602374,1.156730911498442,2.2231167433969454,4.308274295222703,4.296738902802584,3.7764678367526114,3.5883880315221632,3.151075418104146,3.1711518944125276,4.232460996531566,2.9859683616810235,2.7043089697928484,1.689857264017976,1.80759022624504,2.1280743283246406,1.8868978918864194,2.470483180052051,2.6442693485633275,6.2573274751937875,1.9063242664251387,2.466049273487845,3.712723862534851,4.230149107674482,4.557390009575236,-1.0136167201077049,5.1069770665182626,4.553960284397144,4.805827316400996,4.972026925107974,5.317597525125128,5.798812115722352,6.405656759397768,2.8078874058631786,3.2176610627062043,0.9831716582165322,0.7728098303176276,6.783552238589399,0.6685641665500169,0.5968461719865333,4.946175051133889,4.303054996436856,1.7206306195725547,1.6634203715724694,2.3949672548007794,2.003122783561329,1.7391025906884188,1.5699248179857277,2.1118338686491436,4.7483933821488655,0.22103131763205516,0.9652138529487354,1.3912640934194451,1.5233159442643045,1.878784511886317,3.9210120400579274,3.9910812217792366,3.520286274781444,2.2456469120630054,3.038740244893831,3.07748013941876,3.9164582950444142,5.780422365904695,0.09213965172689392,6.029571782108064,5.072291332273674,5.522959363317074,1.0072679399633264,0.23918562661649276,6.035794353339733,6.176485155988489,0.3521597551284293,6.147361014294852,1.602980173632931,4.241007395224655,4.120450888644772,2.4990260269442834,5.1868915094219465,5.2735907559653,5.6428867846997015,-0.007677547666428398,6.862730995540015,0.6860893119118603,1.190513746267338,1.8658041350139203,1.9040660144639183,1.9457419647531569,1.3943597594224384,1.7139995237120422,2.6763672829547254,3.942050078629093,-0.8071421608337518,5.624350758630467,0.18481729022354823,0.43368188391440127,3.9833113547059544,3.753785756209064,4.65581170875985,5.351118726963084,-0.5937595753974481,5.838120155246097,6.214884371606472,1.7862360880209769
0.19100000000000014,0.04416360153469657,1.1908582448352678,2.2513990098926047,4.27732627408863,4.2956362809084965,3.8005437576362415,3.5788563949515084,3.133617699467971,3.194525463085319,4.1743646651602315,2.9728302014755075,2.6568683561872852,1.7591788141403073,1.8256813594078887,2.0899193349357477,1.9265999913214245,2.4738134525066693,2.6065334093189527,6.305343217169002,1.8909877113502476,2.481413062741726,3.7058626202096576,4.222670666111626,4.539579719595494,-1.0671160789245513,5.075282364330114,4.581065062445052,4.7991138265830875,4.964186566281091,5.313687708745266,5.814615458954667,6.429181566906724,2.790356514761109,3.190151280318223,0.9904197499519125,0.749729283179605,6.791341068867418,0.6280001627476888,0.5551637311325688,4.964038006051251,4.279395161267764,1.7862105599586882,1.6962022545999687,2.337557126067848,2.000869677594018,1.77202065723273,1.599953474472933,2.1352319054440154,4.778836121236963,0.20286784585365525,0.9464347237824747,1.3792527991635433,1.5309024707907375,1.9134980763747245,3.86529955126749,3.979105636600046,3.520295940023152,2.299046012063636,3.038463187824529,3.0835522293074216,3.9457725300694766,5.791433225111041,0.027616619585512803,6.014464022267102,5.154971838180509,5.527716661987452,0.8848617424233772,0.25119672410232297,6.068270224868625,6.186283716730193,0.3355189621177827,6.200618801049245,1.584497992870933,4.164239240878009,4.091873412127851,2.5498939534314022,5.156240330031126,5.270755146461752,5.652271712716265,-0.01747057255265307,6.880341801950147,0.7147810744999422,1.2086305308660459,1.8467453763858488,1.893420254814342,1.9352191180501763,1.3995474606559972,1.699150516077946,2.659346303791039,3.950477320250515,-0.8240106253666937,5.64681096483022,0.16283544081520562,0.41396799605941986,4.030525988139247,3.7924499453040066,4.683656067718039,5.352100726794547,-0.6016052222784373,5.8681005088238685,6.279443460293794,1.745369084665035
0.20100000000000015,0.044672161476654496,1.227969727379159,2.2780148677071574,4.246565366370848,4.294116360357055,3.8220036138412654,3.5705424739937146,3.1183905577525177,3.213842745553128,4.119192488426414,2.957453671932487,2.6143515104578006,1.8226272902966363,1.8436268490507044,2.0579167820486695,1.9612591187775836,2.476545428490262,2.567091181405087,6.358091480144174,1.8759263418473948,2.495174760827888,3.699319935056423,4.214735254951788,4.520937257620215,-1.1182266247270085,5.045002937967455,4.604169903176426,4.793844450018616,4.956622420758051,5.310426636757836,5.82992974549281,6.454234154384661,2.770520814772505,3.1620384321676496,0.9972925320839161,0.729405401967075,6.795509762353897,0.5895779762204286,0.5127066781558052,4.981166529491977,4.253733431137409,1.8537083802115633,1.7272462464996472,2.2860569310264154,1.997851488721476,1.8031433823999508,1.6298052194282726,2.158589065267686,4.8099413597349425,0.18435432642937585,0.9279805083829388,1.3678885273614887,1.5387912518146358,1.9486485881221125,3.810015945840389,3.9655765770662748,3.5206120950467903,2.3496699781525647,3.040357180948069,3.090089896071824,3.9746096832764244,5.7990831613168945,-0.03155255032533329,6.000156575810831,5.231196128117732,5.536352314650135,0.7671888116890004,0.25895099623240786,6.098706611866905,6.196051762813992,0.32303365443355725,6.2511833099539915,1.5681775706209031,4.087312091689406,4.061049955723018,2.60427610406657,5.123380034171844,5.267064630205836,5.660374008196739,-0.025461691722101304,6.897415964265364,0.7424677531091853,1.2257732892356725,1.8294961113558377,1.8824326357101204,1.9253000858593072,1.403198271059975,1.6851380730297978,2.642740956322741,3.958483806954881,-0.8389901071128217,5.665987696375342,0.1423295949739813,0.39115287964672,4.080362934954358,3.8312335350326685,4.710822232831988,5.353728229508663,-0.6072625695570965,5.897856134583199,6.343376977610955,1.7065063549036885
0.21100000000000016,0.04513158324030673,1.2680457480425469,2.303046192016509,4.216144751775049,4.292136837898484,3.8411134898181643,3.5633011046431644,3.1050475626048115,3.2293799839568735,4.06695242111996,2.9401970483751807,2.5764993405062846,1.8803999070824184,1.8614085203817925,2.0313167593220283,1.991514590354652,2.478471459029894,2.5259780388461923,6.415434246673211,1.8612026480462887,2.507446829521086,3.6930506313191493,4.206357871664084,4.501570006662757,-1.1670831804307262,5.016019099505241,4.623681710094691,4.789727537827586,4.949398195269781,5.307745963216131,5.844886813879269,6.480855291042681,2.7483391278941394,3.1332868365300963,1.0038972856742372,0.711408006483817,6.796595295866196,0.5529123754322964,0.46977704599875525,4.997403306685809,4.226185559024342,1.9228307678075969,1.7568203242770357,2.24009410441702,1.9942947401648696,1.8325867635030142,1.6594099546002303,2.1818684292374626,4.841623912427069,0.16562977068880863,0.9098419103749693,1.3571390959855583,1.5469855091362816,1.9838631679276684,3.755438495598705,3.9506889759390647,3.5212144842134405,2.3975588881580046,3.044238553538897,3.097124594762875,4.003034082952114,5.803619803088725,-0.08580676687376113,5.986881506819537,5.301283189206986,5.547698068555027,0.6550844777415448,0.262516137020253,6.127093011802185,6.205860437989742,0.3143018690004583,6.299044843632272,1.5542608363597157,4.010138867182966,4.0284433584883494,2.6618234443484172,5.0883425985428765,5.262441692794604,5.66732409473749,-0.03187109355807334,6.914035911373751,0.7691744207793345,1.2420157476463802,1.813882587261328,1.871244512058451,1.9158623291837102,1.4054961271859625,1.6718484834571177,2.6265223438211334,3.966090818580701,-0.8523137992308494,5.682234327763956,0.1229854011246208,0.36532912353779773,4.132824324788129,3.87022401537719,4.737372928164547,5.356036513985803,-0.6109236081331376,5.927457725332737,6.406196451513731,1.6699193198243976
0.22100000000000017,0.04559003123638188,1.31076591145881,2.326583463307133,4.186197432520273,4.2896746059649535,3.858108732459011,3.556999733343239,3.093282664586053,3.241440259076398,4.017575370575243,2.921399185070366,2.542961145351402,1.932814579303836,1.878997206453523,2.009433244442122,2.01793671515979,2.479425252764148,2.483311600220272,6.477084824771794,1.846933848420548,2.5183393748760983,3.6870098952394854,4.197555161048777,4.481581197642987,-1.2138206446011537,4.988211896457128,4.639978592252625,4.786515510946053,4.942556145648652,5.3055919365434026,5.859603938418401,6.509075743921553,2.723786357464826,3.103859244852169,1.0103164515510388,0.6953720948659287,6.795058455275606,0.5176871010163623,0.4266492538292731,5.012604788223562,4.196930615471303,1.9932367233061492,1.785197052937975,2.199269579852942,1.9904058912422884,1.8604658524987685,1.6887078530641206,2.2050337332576793,4.873789094594218,0.14683526208559694,0.892013848821052,1.3469746265483373,1.5554700271131792,2.0187740858904966,3.701850911778313,3.9346350187478927,3.522070294433344,2.4427896494940415,3.049918633225215,3.1046799608225766,4.0310956694998,5.805316507661847,-0.13557956865818263,5.974767662883446,5.365604315299094,5.560676327469166,0.5491368085347632,0.2621430166901766,6.153428035773313,6.215760355334388,0.3089263683669224,6.344253282127838,1.5429294707707104,3.932667047141398,3.9945495395203876,2.7220411041661077,5.0512413800946145,5.256826617015781,5.673233468980999,-0.036893728717915256,6.930266551364468,0.7949305464501261,1.2574285029783874,1.7997468937829628,1.8599703734685613,1.906805849613591,1.4066026902375237,1.6591819708402586,2.6106626542300595,3.9733222736052802,-0.8641903063353442,5.695868898243877,0.10451273283749833,0.33662650811102907,4.187861939987895,3.9095009714096767,4.763374727851426,5.359049114849142,-0.6127587779386694,5.956941072876476,6.467479384230081,1.6358380410425817
0.23100000000000018,0.0460924676349753,1.3555279533108424,2.348721305022741,4.156836848019765,4.286722448374154,3.873197356882444,3.5515175391451623,3.0828284153048284,3.2503375214595147,3.970938616037526,2.901372338639059,2.513336879519684,1.980259877152377,1.8963592438415733,1.9916501393002235,2.0410235856415113,2.479283419708257,2.4393069475264006,6.54259092364784,1.833288477253202,2.5279613751428673,3.681154237128588,4.188345157512654,4.461068233479681,-1.2585718327075321,4.9614676491997844,4.653406776189905,4.784000167641622,4.936121636690475,5.303922383443887,5.874185110954206,6.538911460664198,2.6968574510243544,3.073719264252407,1.0166107245026468,0.6809889363973821,6.791292528401337,0.48364596576216873,0.38356876889449165,5.026647311675083,4.1662121887263055,2.0645390100896392,1.8126326579745158,2.1631814047410978,1.9863671785498702,1.8868940218769343,1.7176483970759244,2.2280501915867954,4.906334802508442,0.12811152496889885,0.8744952603103642,1.3373667236693403,1.5642141960066311,2.0530314767410194,3.6495293420164794,3.9176027330343683,3.5231382864383263,2.4854656883284534,3.0572101845109176,3.112771814774748,4.05882984120271,5.804458080693008,-0.18128608285574135,5.963863910645824,5.424549534475207,5.574358470868898,0.44969201458843905,0.25820684638194646,6.177724717933158,6.2257830811202775,0.3065262255802859,6.3869054169879975,1.5342976742757488,3.8548874396424746,3.959876994024576,2.784296547226404,5.0122798536723225,5.25017915039598,5.6781970977064615,-0.04070227995729753,6.946158670981273,0.8197687077868898,1.2720781856831616,1.7869460502206436,1.8487021701717634,1.8980496705291046,1.4066597082329426,1.647051235178422,2.5951352234789775,3.9802035263872577,-0.874805286031385,5.707173949683024,0.08664936393348309,0.305223993252618,4.24536729248311,3.9491339238599616,4.7888967481489075,5.362780110262727,-0.6129205183667025,5.986315527379102,6.526879391455794,1.6044408647053587
0.2410000000000002,0.0466765882879247,1.4015104922883965,2.369554495999912,4.128157902833481,4.283285951703079,3.886563296524882,3.546744582046538,3.073453142159508,3.256384206607387,3.9268853787126377,2.8803983436194667,2.4872097060318255,2.023156292873413,1.9134609917518237,1.9774205323524354,2.061204340574425,2.477966055373824,2.3942844482030377,6.611330415961412,1.820477782220736,2.536421644565398,3.67544227473448,4.17874700557062,4.4401216179026575,-1.3014657934479472,4.935680568431961,4.664279936648324,4.782007871282813,4.930106920558747,5.302704250968794,5.888721886863351,6.570358413164326,2.6675718387776914,3.0428337228573006,1.0228216653799485,0.6679977608652877,6.785632201190757,0.45058412710509865,0.34075114374790055,5.039431599381055,4.134335051595922,2.1363094913662,1.8393531515561878,2.131439995690049,1.9823354416074879,1.9119820650915977,1.7461895054637955,2.2508852084626145,4.939153854249995,0.10959637972421993,0.8572887830325759,1.3282878738606032,1.5731752424657648,2.0863151527923227,3.598729376121357,3.8997742639122372,3.524372619095769,2.5257081562254955,3.0659321816740452,3.121408460856746,4.086257874635238,5.801330783650362,-0.22331539799563943,5.954160138148262,5.478506280510081,5.587993768521735,0.35687808192566806,0.25115247679777997,6.200013315617286,6.235943566040262,0.30674433727131234,6.427133064539335,1.5284074650003545,3.7768407889208917,3.9249226561453514,2.8478410585068215,4.971752713304173,5.242480237521393,5.682295859882718,-0.04344984398363193,6.9617517163461,0.8437235362537175,1.2860269903647028,1.775350967553167,1.8375130181358985,1.8895287492421633,1.405791288156602,1.6353800633911022,2.5799145493715696,3.986760481258439,-0.8843234806728113,5.716398029605416,0.06916372363022083,0.2713600852071304,4.305162949840155,3.9891799425572234,4.81400941509678,5.367236065829885,-0.6115461269846328,6.015571585630149,6.584130692916113,1.575849020589186
0.25100000000000017,0.04737006457241641,1.4477687797067664,2.389174741770253,4.1002382695024195,4.279380716822087,3.8983693963412422,3.54258099509368,3.064957598545807,3.2598822487205257,3.885240260448771,2.858727240561043,2.4641690728230774,2.061928540323487,1.930271591649689,1.9662624055605684,2.0788457563811154,2.4754364864944223,2.3486666011946107,6.682524308368823,1.8087416294959027,2.543829384073366,3.669835357803849,4.168780678348575,4.418824364820805,-1.3426265592888909,4.91075403375991,4.672880070926,4.780394926301625,4.924514237218765,5.301911597330171,5.903293869523371,6.603387302333084,2.6359781082786866,3.011174989627953,1.0289738813302964,0.6561783123178837,6.778361939516504,0.41833994796415447,0.2983816555151295,5.0508853567047245,4.1016567104492525,2.208088981260362,1.865546442454562,2.1036770255428623,1.9784428528915357,1.9358372960343198,1.7742967325188383,2.273508967106639,4.972136476923028,0.0914222056606164,0.8404003474048565,1.3197110434940622,1.5823015049170268,2.118344378176611,3.5496752110460887,3.8813239948371274,3.5257261506617734,2.5636487397964367,3.0759131141642175,3.1305911935816138,4.113387818253924,5.796215544023144,-0.26202671307824404,5.945604944221269,5.527847127259221,5.60101346282499,0.2706400713183453,0.24144942857132676,6.22034195351677,6.246243026282851,0.30925172990723715,6.4650921837203565,1.5252265716429185,3.6986215310253265,3.890146850300092,2.9118439945596366,4.930037528649906,5.233733339287827,5.685598947726521,-0.045272309074301846,6.977076059230535,0.8668308603662204,1.2993324760219747,1.7648453543798521,1.8264603558450851,1.881191300788947,1.4041060122543703,1.6241020378798892,2.5649762721500773,3.993018955106345,-0.8928908634157902,5.7237582121131405,0.051857068698203695,0.23533997434662662,4.36699666400724,4.029681195889996,4.838783292851847,5.372417663088788,-0.6087600147229186,6.044687385636704,6.639047210347445,1.5501260265331211
0.2610000000000002,0.04818944204914557,1.4933439764654683,2.4076683416214864,4.073139844598328,4.275029910070624,3.9087601045655354,3.538936226644584,3.0571714493991164,3.2611170352981893,3.8458208169540153,2.836577595001447,2.4438257458299812,2.0969872106449436,1.9467643844338665,1.9577527555881495,2.094260216430878,2.4716999479561252,2.3029616835362576,6.755269068556884,1.7983297279656654,2.550294214735751,3.6642980483072436,4.158466708719725,4.397251777618583,-1.3821722756484005,4.88660097773766,4.679459292267132,4.779043310513915,4.91933833450915,5.3015239416621,5.917968911555802,6.637938435027875,2.6021585645093888,2.978723237959719,1.0350768511730137,0.6453443380038936,6.7697235276360965,0.3867876442556613,0.2566156711103258,5.060963890293492,4.068573957085413,2.2794014659944786,1.8913592820378364,2.079549780864466,1.9747987387013797,1.9585627489096489,1.8019425273377767,2.295894889258297,5.005172815137066,0.07371353754333837,0.8238386983118069,1.3116094507774483,1.5915355963246967,2.148884801218223,3.502551780780914,3.862416690719914,3.5271531071928006,2.5994240024478295,3.0869930721621377,3.1403149406352653,4.140215763083693,5.789383443096358,-0.29774800889486464,5.938119821421586,5.5729236416781776,5.613017078229454,0.19078050972826283,0.2295586891317066,6.238775603142079,6.256671911577038,0.3137494559181677,6.500953163194649,1.5246490886076347,3.6203781497146377,3.8559507146223186,2.975436865307697,4.887576660424805,5.22396487915707,5.688166150240476,-0.04629043375829588,6.992154839044064,0.8891270170336282,1.3120475583185387,1.7553246163109468,1.8155886222579258,1.8729965014809578,1.4016988663651022,1.6131593570490728,2.550297133324392,3.999004231536265,-0.9006367321748425,5.729443192415731,0.03456518976287018,0.1975377526598563,4.430539983610346,4.070662667529191,4.863287959664792,5.378321045226081,-0.604675460956397,6.0736340036698255,6.691517203325238,1.5272811187416933
0.2710000000000002,0.049140640109776715,1.5373636871654297,2.425114752852831,4.046910261259717,4.270262162004353,3.9178638536699295,3.53572833351204,3.049949824295679,3.2603537413781583,3.8084458070225975,2.8141379157070654,2.425820602216331,2.12871767928606,1.9629174083590293,1.9515212707027483,2.1077138970431086,2.4668008386429956,2.2577344813368563,6.828586639360855,1.7894802135405814,2.555925661519868,3.658798466556705,4.147825943051387,4.3754715037760095,-1.4202146479264532,4.863143700913109,4.684242112000486,4.77785684061005,4.9145684965655745,5.30152490055433,5.9328031187801775,6.673917197587172,2.5662332124702045,2.9454686155854275,1.0411264835613583,0.6353379817166886,6.7599226557259,0.3558307920240889,0.2155797523431316,5.069648879482836,4.035505377946894,2.3497716880995263,1.9168979484578146,2.058742505688047,1.971491923459705,1.9802565314710339,1.8291055468188402,2.3180199631665537,5.038155335978351,0.05658491426756288,0.8076148737465162,1.3039564821707716,1.6008173079621195,2.1777521747276167,3.4575002150681815,3.8432058297671516,3.5286110914707813,2.6331710965385646,3.099024866522416,3.1505689848953127,4.166727399950015,5.781092761790805,-0.33077633168456666,5.9316101049985095,5.614064030117919,5.623748380563543,0.1169994276984635,0.21591079127364846,6.255393921924034,6.267212717455147,0.31996875735851954,6.534892395665882,1.526499111700009,3.5423098374012887,3.8226593206376065,3.0377622311044123,4.844851068026038,5.2132234753552025,5.690049948122935,-0.046611645228956305,7.007005457023177,0.910648304652626,1.3242206337058704,1.7466947831222028,1.8049315201676503,1.8649125344594393,1.3986529698237888,1.6025017713987757,2.5358549209563988,4.004740760723068,-0.9076756575660822,5.733616653511687,0.017159585433557344,0.15839226899200476,4.495392826210079,4.112130321825983,4.887590925270098,5.384938912852322,-0.5993959722231473,6.102379561539642,6.7414947408576955,1.5072755765635615
0.2810000000000002,0.05022064478823034,1.579115930483341,2.441585952482831,4.021584388480583,4.265109800806149,3.9257951419149197,3.5328833229974985,3.04317007589868,3.2578354872708095,3.772940748926902,2.791568737100874,2.4098288965462515,2.15747426972909,1.9787133262053682,1.9472441830265608,2.119434504282663,2.46081831326474,2.2135674631176876,6.901486196852183,1.782398559287324,2.560832140629283,3.6533085112113906,4.1368793235058945,4.353543786532354,-1.4568586466749844,4.840313348158458,4.687427923996517,4.776757790672535,4.910190159312993,5.301901054835371,5.947840751981429,6.711190644798372,2.528362609118746,2.911413254469088,1.0471064971699475,0.6260250043163577,6.749134568750094,0.3253966952420488,0.17537342052593224,5.076945628166614,4.002871533028374,2.4187443400089164,1.942231653832711,2.04096589024856,1.968593228889664,2.0010113504643763,1.855770017891626,2.3398649431281284,5.070981017372357,0.04013907978784117,0.7917416634354283,1.2967257210713425,1.6100861398369817,2.2048129274837223,3.4146165515373386,3.823832256103478,3.5300624651887964,2.6650246427107867,3.1118744179728237,3.1613377213354807,4.192899777104769,5.771587062587665,-0.36137905598797415,5.925973156008303,5.651572934405696,5.6330672696268,0.048930309062860625,0.20089331779794048,6.270288435167393,6.2778424967395425,0.32767004362130503,6.567085213435067,1.530537515634458,3.464659502137933,3.790512703988398,3.098021266365517,4.802349422069218,5.20157782421231,5.691297356972149,-0.046331584134109774,7.021640786591988,0.9314305550781249,1.3358957897062975,1.738871486306597,1.7945139228973548,1.8569149378937908,1.3950411098354036,1.5920856325253667,2.5216284070813515,4.010251968787492,-0.9141092376491398,5.7364206984867545,-0.0004520881008539357,0.11839585089262115,4.5610948615116005,4.154070011302982,4.911756593937084,5.392261400970371,-0.5930163391560443,6.130892239362348,6.788989374444894,1.4900307336244274
0.2910000000000002,0.05141980623340489,1.618088177025603,2.4571464377293877,3.9971857719993285,4.2596073948347914,3.9326563381493025,3.5303345406826256,3.0367288156130527,3.2537828268845175,3.739141394557896,2.7690050576331218,2.395561425265934,2.183578018540724,1.994139037169187,1.9446385995954885,2.1296182004183732,2.453860249482632,2.1710183371650364,6.973028489565572,1.777239997304456,2.5651195826367226,3.647803961201871,4.125647701520056,4.331521850610362,-1.492202416047219,4.818049204019433,4.689193507900938,4.775683950019685,4.906186181755654,5.302641003813951,5.96311412914933,6.749585769737315,2.488748992566596,2.87657302686919,1.0529897081231918,0.6172907382301924,6.737508848842669,0.2954315741276042,0.13607143528699128,5.082879263119935,3.971074982538028,2.485902692910806,1.967397744853855,2.0259555381815915,1.9661579069683754,2.0209142060497265,1.8819251457785002,2.36141442865184,5.103553227896029,0.024465609537475803,0.7762330688847062,1.2898910563215469,1.6192833870325605,2.2299820006074684,3.3739532725894845,3.804423237062036,3.5314751751078295,2.695114565067133,3.125420618133993,3.1726014155658846,4.218703175693623,5.761093951522504,-0.3897957011905415,5.921104288909415,5.6857323183380375,5.640922071030754,-0.013830032038627389,0.18484551394819665,6.283559460121095,6.28853499910179,0.3366411072715843,6.597700214074244,1.53647184446532,3.387703537496256,3.7596654569453545,3.155514067207902,4.760536960143726,5.189113345791385,5.691951470289354,-0.0455354266237926,7.036070152819652,0.9515088047360372,1.3471130673494212,1.7317790008837475,1.7843534757448858,1.8489852174496444,1.390927091013083,1.5818730487118928,2.507597281126184,4.015560148688276,-0.92002764183094,5.737979201908211,-0.018326533331648152,0.07807618064452074,4.627143538307433,4.196447376966826,4.935845289588668,5.400276765932363,-0.5856234719494859,6.15914234460755,6.834055222905922,1.4754365973404895
0.3010000000000002,0.05272418115257252,1.6539730547210978,2.4718536863129468,3.973727991350315,4.253790572200099,3.9385392377089707,3.5280221005100416,3.030539254714837,3.2483941599936124,3.706895656339868,2.7465589217773747,2.3827636848939653,2.2073167744287785,2.0091851457676295,1.9434574310143593,2.138435549764277,2.4460559708581457,2.130580975786229,7.042382758798955,1.7740979942931765,2.5688898747436317,3.6422644695195374,4.114151682528508,4.309452372586053,-1.5263373374017994,4.7962979116224025,4.689695439164159,4.774586088479112,4.902537832431553,5.30373457599408,5.978643632911735,6.788889987868509,2.447635140217108,2.84097893224582,1.058739301527201,0.6090366826696412,6.725173428841119,0.26589651055794394,0.09772641133062089,5.087490403641006,3.9404823695805526,2.5508845204419455,1.992407861645042,2.013469976781363,1.9642278879222028,2.040046239130704,1.907564565652007,2.3826568356596307,5.135783233691105,0.009640003720662704,0.7611037833421381,1.283426840138141,1.628353756716429,2.253218582384729,3.3355230181887365,3.785091957784734,3.532823114110746,2.7235646832383384,3.139554828414112,3.184336939678007,4.244103024370679,5.749824292422149,-0.41624002457101045,5.916900919785124,5.7168028186703435,5.647324866813175,-0.07169821247141202,0.16805779562034406,6.295313071151614,6.2992624195551725,0.34669489726576097,6.626894957803651,1.5439689811819401,3.3117391315611924,3.730193913356232,3.2096683165429076,4.7198284399601835,5.175927922341244,5.692052675317148,-0.04429901596113767,7.050300124378753,0.970917047949605,1.3579087509867158,1.725349358879947,1.774461937278165,1.8411096871174442,1.3863669148938733,1.571831138873338,2.4937420818793385,4.020686411241471,-0.9255109447362919,5.738400971025775,-0.036486496499167596,0.03797286263954173,4.693017364580151,4.239208890330242,4.959912370569851,5.408971908981166,-0.5772970787114049,6.187103612614128,6.876780401628493,1.463360243636539
0.3110000000000002,0.054117541992380655,1.6866490175584516,2.4857589061266627,3.9512159217782816,4.247695082877118,3.943526398689978,3.5258923537541738,3.024528851980429,3.2418467498659873,3.6760644269352456,2.7243220031300197,2.371213820770349,2.2289467143571597,2.023845395612287,1.9434849334691953,2.1460364391202056,2.437548375289014,2.0926557306029676,7.108868180942842,1.7730000114419544,2.5722393166345263,3.636673461710866,4.102411500188336,4.287375998059132,-1.5593482072972407,4.775012681814212,4.689072342434289,4.773425788755398,4.899225541953054,5.305172175055082,5.994437920582764,6.828854234134852,2.405300557658563,2.804677989631433,1.0643101515059505,0.6011776537372475,6.71223794089353,0.23676407494838375,0.06037159662173561,5.090830801493901,3.9114103531113753,2.613393654292256,2.0172543378291223,2.0032885662343363,1.962833791392149,2.05848270926146,1.9326858353067056,2.4035842754406005,5.167591298513468,-0.004276744043039771,0.7463687066708695,1.2773080689716974,1.637246530158793,2.2745204570083826,3.299303745271032,3.765937440376449,3.5340861146489138,2.7504918855759892,3.1541801474283546,3.1965184681192405,4.269061779601879,5.7379717380242665,-0.44090221557494585,5.913265345949804,5.7450252240826725,5.6523310410886065,-0.12508729506040062,0.15077432178973982,6.305658307326309,6.309996770689358,0.357667083663655,6.654812969994565,1.5526699043847962,3.237070175727728,3.702108760512547,3.2600542714146634,4.680568417535499,5.1621271950085665,5.69163954035758,-0.04268983521102303,7.064335153347119,0.9896880580298207,1.368315667864561,1.7195215372670232,1.7648462997012477,1.8332785057125154,1.3814098059941187,1.5619313758232352,2.4800441296422733,4.025650680126824,-0.9306302622233669,5.737782632316273,-0.054923706748592094,-0.001388670287589792,4.758201942417604,4.282284038715159,4.984007469012061,5.41833276121583,-0.5681102356498531,6.214753913403398,6.9172774189318575,1.4536534302611335
0.32100000000000023,0.05558290025646301,1.7161464831742865,2.498907929591021,3.929646898745822,4.241356069257125,3.9476922870719635,3.523897393742367,3.0186372529754735,3.234298106675071,3.646521637530102,2.702368095818265,2.3607199219703126,2.248694642057593,2.038116130093851,1.944532826494132,2.152554014084692,2.42848622253852,2.0575326202953894,7.17197570233705,1.7739102665112874,2.575257257172712,3.631017954704671,4.090446917238285,4.26532787735252,-1.5913134963082096,4.754152532941305,4.687446957005831,4.772173603090803,4.896229465120069,5.306944247454871,6.010494414859958,6.869198828947249,2.362054860770856,2.7677335166276276,1.0696502375057997,0.5936394137903129,6.698796500182694,0.20801555407766442,0.024023657704767463,5.092959354713629,3.8841164565789463,2.6732062836018513,2.0419162729611613,1.9952095102487923,1.9619966897185466,2.076293078910005,1.9572899666025156,2.4241923591450942,5.198907372540651,-0.017238124560621956,0.7320425063736479,1.2715105658821195,1.6459163132686454,2.293917650148666,3.265244639497589,3.747044840796215,3.535249668956898,2.776005735134689,3.1692105460790843,3.2091181218386935,4.293540705600747,5.725712504782008,-0.4639510837311756,5.910106495151097,5.770621921939853,5.656023226707505,-0.17439516320834839,0.13319725447547148,6.314704739771246,6.32071091351515,0.36941358085905635,6.681581936202907,1.562205517115847,3.1639929927982595,3.6753704066796318,3.3063864854389533,4.643020350874594,5.147819908170015,5.690749397200371,-0.04076785001448004,7.078178091471827,1.0078532638490878,1.3783634852899609,1.7142407199281064,1.7555097221698261,1.8254848798681873,1.376099101231277,1.552149009732264,2.4664854595447303,4.030471718826629,-0.9354487085603118,5.736211179245982,-0.07360298744130914,-0.039522643107588594,4.822215613189722,4.325588493645803,5.008173891065737,5.428344553480915,-0.558129884538956,6.242075522926624,6.955674881372213,1.4461591235612274
0.33100000000000024,0.05710356634622977,1.742608744045358,2.51134214110642,3.9090117877553756,4.234807513089331,3.9511042571463464,3.5219945935200285,3.0128144978575992,3.2258875628382646,3.618153816936208,2.680755456482748,2.351117035624285,2.266760646654379,2.0519958114298604,1.9464369251333904,2.1581077303273095,2.4190172545836086,2.025387783951854,7.231370531956901,1.7767379978519013,2.57802502689217,3.625288313400506,4.078277149570939,4.243338199201465,-1.622305661684012,4.733681583891731,4.684928003680492,4.770807492441668,4.893529889633794,5.309040863196116,6.026800121396103,6.909621940581841,2.318228559520023,2.730224702620567,1.0747021840558921,0.5863567147996818,6.684930015009172,0.1796386995600905,-0.011314647399738958,5.093938763195314,3.858795064938188,2.73017196126407,2.0663648784481614,1.9890480639874724,1.961729635067113,2.0935411806407482,1.9813809935585323,2.444479946394748,5.229671391379433,-0.0292116841456927,0.7181392322807924,1.266011148520147,1.6543234366229511,2.311465946186683,3.2332721959170794,3.728486055810894,3.536304461088968,2.8002083876495187,3.1845699429307923,3.222106553259076,4.317501497681048,5.713205356324923,-0.4855361762467591,5.907340914382713,5.7937982507287416,5.65849927240714,-0.2199971833316476,0.11549174913310829,6.322560450666018,6.331379291812597,0.3818081444246771,6.707312937657752,1.5722123350310664,3.0927831042664145,3.649904605588507,3.348514585931371,4.607364285237665,5.1331137153828985,5.689418662097393,-0.03858624676355186,7.0918306059824054,1.0254426714998737,1.3880789973135659,1.7094576310622522,1.7464523061652595,1.8177244078559793,1.3704730189143655,1.5424625629760955,2.4530487565553667,4.0351671805732865,-0.9400221975744334,5.73376613784379,-0.09246728631922158,-0.0760046373576125,4.884631607182288,4.369027965110183,5.032448208684096,5.438991993527912,-0.5474172818661309,6.269055091774822,6.992110628991903,1.4407168311706176
0.34100000000000025,0.05866385217242701,1.7662542254448665,2.523099359327302,3.8892959643816805,4.2280818297152996,3.9538233910990708,3.5201461739993216,3.007019471052177,3.2167379183881715,3.5908593444350254,2.6595289636939494,2.342264141970111,2.2833208516073134,2.0654846102081925,1.9490542184799948,2.162805652751561,2.409282610554929,1.9962910367306805,7.286878978161993,1.781349105065468,2.5806152216723106,3.61947796281887,4.065920809969471,4.2214327080104175,-1.6523914926429257,4.713568411293943,4.681611855215543,4.769311509311608,4.891107522853499,5.311451404029119,6.043332778147866,6.949810110604264,2.2741618268092796,2.6922454299779486,1.0794049275974937,0.5792716996843492,6.670708103730006,0.15162592045669845,-0.04565199016017357,5.093832951246969,3.835578074065395,2.7842099988480706,2.09056787057373,1.9846349666497682,1.962038973057406,2.1102854460264706,2.0049655751162505,2.464448856190148,5.259833226766659,-0.04017825349423467,0.7046719889700324,1.260787772104268,1.6624340728853284,2.327240708546796,3.2032960310770457,3.710320563717313,3.5372457831598965,2.823194726038497,3.200191271141624,3.2354534680288336,4.340907704828108,5.700591780799935,-0.5057897886377962,5.90489320910537,5.81474374498726,5.659863595400602,-0.2622421133898893,0.09779105739773533,6.329330428925567,6.341978418066178,0.39474011684066307,6.732100546880937,1.5823468083330123,3.023684093370547,3.625616470679171,3.3864064520788952,4.573701579178057,5.118111725005699,5.687682950505299,-0.03619208717262598,7.105293513545435,1.0424848222649308,1.397486395872105,1.7051279360760274,1.737671737829536,1.8099945419102146,1.3645653223846514,1.5328533881337258,2.4397172924085635,4.039753674747543,-0.9444001121791303,5.730521329461464,-0.11144324206039556,-0.11048710217344428,4.945094309460578,4.41250236526437,5.056860061978348,5.450259371537713,-0.5360284155291699,6.295683416926151,7.0267262680052065,1.4371667698635409
0.35100000000000026,0.06024952832797377,1.787343867762356,2.5342146253136324,3.870480209866067,4.221209583811513,3.9559052188056856,3.518318800455599,3.0012185655837516,3.2069570740750266,3.5645475343324673,2.6387220788339034,2.3340412390270546,2.2985300898734957,2.07858406608417,1.9522603292070682,2.166746148267185,2.3994127391130347,1.9702209627668292,7.338465023269198,1.787579029292033,2.583091340976894,3.613583072591779,4.053395868120203,4.199633195008156,-1.6816324719949562,4.6937854742642955,4.67758402007814,4.767674689196239,4.888943683189162,5.314164353811696,6.060062296642497,6.989449990035508,2.2301921616307805,2.6539023583554333,1.0836954892434454,0.5723326131683042,6.656190688001679,0.12397284965963232,-0.0790062329233686,5.092705259563844,3.8145392086503604,2.8353023875554118,2.114492837753541,1.9818150865209105,1.962925469217108,2.1265791779973306,2.0280526307488396,2.48410355692706,5.2893523438202275,-0.05013090907541589,0.6916526670010874,1.2558196414351452,1.6702201383605955,2.3413312880743846,3.175214137724749,3.692596423542035,3.538072894317214,2.845052637959589,3.216015571550558,3.24912808221449,4.3637259207853,5.687996355038697,-0.5248288484560661,5.902696094568269,5.8336332802888995,5.6602212275727934,-0.30145035236844525,0.08020137522739806,6.335115357201191,6.352487157891416,0.40811236706319814,6.756023589626048,1.5922972344490853,2.956899320794502,3.6024018131601263,3.420127290704278,4.542064482548173,5.1029099128295625,5.685577044062746,-0.0336268958288939,7.118567047340164,1.0590067795221032,1.4066075235187918,1.7012117052254117,1.7291638184876406,1.802294149815465,1.3584058920270397,1.5233052815784438,2.4264748644548093,4.044246844934415,-0.9486258665726577,5.726546233953658,-0.13044684901905731,-0.14270749821595793,5.0033284152974735,4.4559098986190016,5.0814321757655305,5.462130613480561,-0.524014398678942,6.3219550962313695,7.059662975201759,1.4353529801519262
0.36100000000000027,0.0618481134189705,1.8061552380830521,2.5447208711114255,3.8525415272084063,4.21421930419914,3.957400336151792,3.516483205522865,2.995384535935305,3.1966395991886274,3.539137648048231,2.6183586043668097,2.3263466226293525,2.3125244123148283,2.0912968140306676,1.955947295795843,2.170019113716285,2.3895247813361564,1.947083770302775,7.386202086282543,1.7952451536144751,2.5855077474875454,3.607602228516333,4.040719623835959,4.177957957258624,-1.7100851418400906,4.674308605489902,4.672920453284282,4.765890119693323,4.887020418470552,5.317167184342326,6.076952415103079,7.028240232611364,2.1866420546558145,2.6153123551243587,1.0875108089811845,0.5654927795156997,6.641429321277466,0.0966772211567994,-0.11140244932216777,5.090617321887224,3.795700817204168,2.8834845457525007,2.1381096277038356,1.9804462475354272,1.9643852741452068,2.1424708513724564,2.0506530072529405,2.5034508502538837,5.318197226438631,-0.05907374474107236,0.6790917316243358,1.251087289756715,1.6776590390320885,2.3538361755827673,3.148917423599771,3.6753513648877685,3.5387883674443796,2.8658633812992687,3.2319911339072354,3.2630995157555653,4.385926726960321,5.675527288220299,-0.5427566622201693,5.900690181413565,5.85062813194805,5.659673914384579,-0.33791379940195826,0.06280624345767485,6.340010747449019,6.362886856103936,0.42183944611195734,6.7791463817028665,1.6017925541844007,2.892586869806726,3.5801554695003928,3.449817619672844,4.512428327534435,5.087595399536863,5.6831347643919905,-0.03092719322246887,7.1316510693558826,1.0750341384034143,1.4154621064221435,1.6976729349011714,1.7209229013947116,1.7946231592912383,1.3520212179326867,1.5138041458246252,2.413305736295938,4.048661455146725,-0.9527373839487909,5.721906978892406,-0.1493888061567081,-0.17248918873042646,5.0591409993731675,4.499150754587454,5.106180577878904,5.474589299703853,-0.5114218459111538,6.347868123097085,7.091058402139469,1.4351255391881748
0.3710000000000003,0.06344903505647188,1.8229635403283326,2.5546494606880534,3.835453881981916,4.207137378456455,3.9583549376247946,3.5146138370823765,2.9894955152626848,3.185868202212152,3.514557898092633,2.598454243522772,2.3190944053947002,2.3254233829153756,2.103626367612875,1.9600216277924603,2.1727068647160683,2.379721239285811,1.9267327560533112,7.430244390966466,1.8041576022122696,2.587909894946563,3.6015361032865614,4.027908690821384,4.156422221202922,-1.7378014643766386,4.655116564775597,4.667688709911152,4.763954160358322,4.8853205698605136,5.320446327416136,6.0939624554682394,7.065902459542466,2.143807783987716,2.576599418218399,1.0907895778245413,0.5587098087657705,6.626468301955978,0.06973800326307318,-0.1428712023371627,5.08762849335346,3.7790419853951605,2.928835114798635,2.1613918772746,1.9803982012159813,1.9664107508141886,2.1580044292058975,2.0727791752034164,2.5224995610023933,5.346344633375682,-0.06702052824213897,0.6669980657908432,1.2465726250889204,1.6847333123033903,2.364858953457925,3.1242934780438008,3.6586139115668326,3.539397456340014,2.8857019972921725,3.248072698950958,3.2773371247160856,4.407485383939828,5.66327713305323,-0.5596645217108558,5.8988235866369125,5.865876960559286,5.658317723485492,-0.3718967620790499,0.045670421305767955,6.344106374497009,6.373161342504514,0.4358459641542385,6.801520265745355,1.6106077348252061,2.8308577081963513,3.558776812673654,3.4756723643043803,4.4847244452575,5.072245500951316,5.680388799769812,-0.02812498328176374,7.144545237730113,1.0905910530515626,1.4240679673872902,1.694479121369906,1.7129422499944595,1.786982271168536,1.3454348240739762,1.504337694507421,2.4001945799661373,4.053011481681345,-0.9567675101042288,5.716666998561745,-0.16817922363059853,-0.1997362270729192,5.112417539025898,4.542130178672426,5.131114993002438,5.487618663604711,-0.49829323409549886,6.3734234609288505,7.121044493793536,1.436342034132795
0.3810000000000003,0.06504367884931804,1.8380288607802622,2.564030607007731,3.819188871429385,4.199988010975192,3.958811276597632,3.5126885296365282,2.983534175119012,3.1747150872909544,3.4907444853169873,2.579017970769996,2.3122122907365013,2.337332143903262,2.115576949866868,1.9644025929476274,2.174884789326609,2.370089666996963,1.9089862118663306,7.470800894339206,1.814127893829155,2.5903347643603434,3.5953871357982767,4.014978988719131,4.135038529403668,-1.7648291714726498,4.636190649807668,4.661948957267618,4.761865790140079,4.883827796503909,5.323987220946932,6.11104906587236,7.102190357124108,2.1019503015006533,2.537891285521097,1.093473992432458,0.5519449961910438,6.611345612109305,0.043154740772130044,-0.1734470660676151,5.083795682765815,3.764506998831663,2.971465794304242,2.184317845685436,1.981551710499065,1.9689911842612424,2.1732196851665395,2.094444953666,2.541260242765549,5.373778743888156,-0.0739933098839493,0.6553788630223412,1.242258946579645,1.6914302057336357,2.374505029394727,3.101229582494471,3.6424044943220633,3.5399075056326144,2.904637742633687,3.26422072741452,3.2918107761809967,4.428382280425147,5.6513236462362615,-0.5756331695440936,5.897051436886433,5.879516734592391,5.656241728835921,-0.40363750205188587,0.02884322297267762,6.347485955733443,6.383296849887309,0.45006518282790514,6.8231852995370925,1.6185658424158234,2.7717767224500607,3.5381729372543953,3.4979224221737155,4.458852450837214,5.056927411256209,5.677370520063472,-0.025248201693916235,7.15724913714142,1.1057002771908866,1.4324412193719454,1.6916008818973387,1.705214330613523,1.779372729506145,1.3386676335114907,1.4948951945511852,2.387126419350133,4.057310208772138,-0.9607443802271829,5.710887418416156,-0.186731481271794,-0.22442378284896264,5.163113528819884,4.584760811170002,5.156239376196156,5.501201582408848,-0.48466724832411995,6.398624623218507,7.149746043450232,1.43886845053733
0.3910000000000003,0.0666253357663837,1.8515885805303374,2.5728936763789663,3.8037163249369828,4.192793230694078,3.9588080646650514,3.5106881979163083,2.9774870082519134,3.1632431897031252,3.4676406944192024,2.560053225794618,2.30563960067743,2.3483432519022798,2.1271533626415255,1.9690207026901934,2.1766218471436107,2.360703106521144,1.8936425870604359,7.50811333563582,1.8249753500826742,2.592811450792492,3.5891592258961458,4.00194574156058,4.1138170905931695,-1.7912120987049505,4.617514358333746,4.655754861249481,4.759626062617043,4.882526573078777,5.327774414540912,6.128167838121972,7.136896257680415,2.0612888565272005,2.4993159494461117,1.095511353540768,0.545162882093911,6.596093715340453,0.016927066325032863,-0.20316737054719544,5.07917344993675,3.7520134462518495,3.0115119169938214,2.2068707190125543,1.9837977182495818,1.9721133907311947,2.1881525244059357,2.115665261841243,2.5597449060991084,5.40049024508727,-0.08002104029457197,0.6442395649270799,1.2381309345828289,1.6977412245768397,2.3828790898708774,3.0796150265797038,3.626736519692143,3.5403274171386236,2.922734520911347,3.280400737447333,3.3064910705951287,4.448603158259159,5.639730773994281,-0.5907341264226291,5.895335312675719,5.891673597118481,5.653527437197412,-0.4333501260954818,0.012361346942260786,6.350227027797939,6.39328187125718,0.4644378088496225,6.844171979013991,1.625537222298218,2.715366051005207,3.5182601086560537,3.5168193275239203,4.434691076136655,5.041698365932012,5.674109804634025,-0.022321129269694314,7.169762378839283,1.1203832144750339,1.4405964404266796,1.6890116184205883,1.6977310504965648,1.771796138660751,1.3317382829194113,1.485467240711066,2.374086574480559,4.061570326717923,-0.9646917527593444,5.704627225825637,-0.20496515650686425,-0.24658608656442652,5.211243482558116,4.6269642825033035,5.181552545645062,5.515320569149581,-0.47057911245406436,6.4234772751536,7.177279823940014,1.442579612951627
0.4010000000000003,0.06818906276501506,1.8638537646448607,2.5812673951175205,3.789004838764409,4.185572937015086,3.9583808195969423,3.5085965515899993,2.971343717361624,3.1515072903105152,3.4451960612244865,2.541558945584504,2.2993255457374473,2.358538296649343,2.138360886159323,1.973816368752172,2.177980972800483,2.351621018410566,1.8804924937912468,7.542438892034188,1.8365314430334119,2.595361849649014,3.5828574492675367,3.9888234810903267,4.092766094119956,-1.8169905011521323,4.599073095915462,4.64915436146269,4.757237652236128,4.88140216973011,5.331791718487949,6.145274712876663,7.169854915947412,2.02199761807283,2.460998293645607,1.0968554356437912,0.5383309411768856,6.580740240971727,-0.008945652128261065,-0.23207114635531542,5.073814251590668,3.741459515509122,3.049124181246514,2.2290385403269446,1.987036580452448,1.9757622404869155,2.2028352972467684,2.1364558963556433,2.5779667739487753,5.426475404578003,-0.08513824271717166,0.6335838377826547,1.2341746187255755,1.703661671606546,2.390083186535562,3.059342815912175,3.611617372499891,3.5406671796991294,2.940051300421654,3.2965827089180624,3.321349516952976,4.4681391394942755,5.6285497340044195,-0.6050308842684365,5.893642668180166,5.902463681181037,5.650248709405701,-0.4612266229360368,-0.00374875269883378,6.352400976167592,6.403106978087081,0.47891097046449416,6.864502910696687,1.6314364044640828,2.6616100345972913,3.498964036056122,3.532623118697909,4.4121071730353565,5.026606140668974,5.670634898491874,-0.019364773231449604,7.1820846757518,1.134659975707885,1.448546831258566,1.686687219251591,1.6904839503651399,1.764254318929817,1.324663393603631,1.4760455582436651,2.3610606063200574,4.0658040315475565,-0.9686293208536101,5.697943286927842,-0.22280804262297818,-0.26630356482525835,5.256868940459686,4.6686721279212895,5.207048874146063,5.529957772135767,-0.4560609032640793,6.4479888655904976,7.2037541583485565,1.4473592937009396
0.4110000000000003,0.06973147854301791,1.8750083944246416,2.5891799750289306,3.775022247909291,4.1783449743751016,3.9575621699263777,3.5063998300292565,2.965096694866569,3.139555013310793,3.423365617448356,2.5235304500264264,2.293227719286079,2.367989319279706,2.149205201714031,1.9787387088866069,2.1790194246178354,2.342890502129324,1.8693276544731483,7.574037232948699,1.8486424098833334,2.5980013997130142,3.5764877954363947,3.9756260537349517,4.07189199054814,-1.8422013494272875,4.580853923669131,4.642190348509055,4.754704477337297,4.880440621525756,5.336022380039661,6.1623271174356375,7.200944548146265,1.9842051824931264,2.4230570430697913,1.0974675696828873,0.5314193729284742,6.565308576365231,-0.03446455517671073,-0.26019824578676803,5.067768746704543,3.7327302565972054,3.0844617261197684,2.2508138954709143,1.9911773505978045,1.9799211061170423,2.2172971015736556,2.156833332927747,2.595940066853192,5.451735162794753,-0.0893837735853803,0.6234135825562611,1.2303773283384976,1.7091901958064357,2.3962153595749056,3.0403108666237078,3.597049338106821,3.5409374645511162,2.9566425103982206,3.3127405511626202,3.336358666549052,4.486986586045445,5.617820162597583,-0.6185799708500387,5.891946250880701,5.911993876556309,5.646471997230218,-0.4874389143352324,-0.019468896159416042,6.354073179534756,6.412764616831858,0.49343735623451757,6.884194376503233,1.636217424739385,2.6104611019763815,3.480219429971798,3.5455931804355068,4.3909628265598535,5.011689764174668,5.666972304471106,-0.016397218435442756,7.19421589719367,1.1485494405730883,1.456304356753532,1.6846057946484299,1.6834643592198466,1.756749193757535,1.3174578051977173,1.4666228299753734,2.348034261604672,4.070023125577231,-0.9725730088464721,5.690890263750718,-0.2401973506206643,-0.28369044077768124,5.300086731877146,4.709826127653342,5.232719002397647,5.54509498568993,-0.4411418471562421,6.472168293475268,7.229268817070127,1.453100084213776
0.4210000000000003,0.07125052037445324,1.8852104666020983,2.5966591740382325,3.7617360381387184,4.17112522763303,3.9563821228704286,3.504086556152489,2.9587405806789526,3.1274277142232227,3.40210921348406,2.505960196479655,2.287310795902794,2.37676004951415,2.1596923316424417,1.9837444836347538,2.1797891047979485,2.33454765203139,1.8599471695565224,7.603161396026596,1.861170505525685,2.6007398485378563,3.570056930452754,3.9623666302444565,4.051199740573539,-1.8668786053290765,4.562845340832125,4.634901255546812,4.752031387953032,4.879628692589689,5.340449272038394,6.179284815165875,7.230085485153486,1.9479965580186935,2.385602175195227,1.0973174007664486,0.5244009669907064,6.54981838463552,-0.05963144964317511,-0.28758861877376235,5.061086098936926,3.725702751499695,3.117686563812599,2.2721934564541,1.9961371069581186,1.9845722462427413,2.2315640710647484,2.1768145511264403,2.613679818793768,5.476274270512155,-0.09279969428282475,0.6137289729083931,1.2267276294321292,1.714328361044778,2.4013687031989743,3.0224227803701043,3.583030437410681,3.5411492847534993,2.9725584112418737,3.328851629668102,3.351492211028539,4.505146824534961,5.6075712958359025,-0.6314318926671043,5.89022353760037,5.92036254959603,5.64225676917609,-0.5121408378170954,-0.034787552094091,6.355303237048148,6.422248896914356,0.507974495338384,6.9032577567338915,1.6398682258904342,2.5618459900709287,3.4619691863772073,3.555981661140565,4.3711207129231076,4.996980348560155,5.663146713677666,-0.013433950053052129,7.206156106950062,1.1620693219639158,1.4638798728369051,1.682747442459845,1.6766635178642342,1.7492827026597948,1.3101347773511138,1.4571925444922926,2.334993417300001,4.074239118445296,-0.9765352584858853,5.683520477245703,-0.2570802282543951,-0.2988836287138293,5.34101832341589,4.750378195517962,5.258550542963878,5.560713673841121,-0.4258485984678761,6.496025609713733,7.253915150183581,1.459703103429306
0.4310000000000003,0.07274518751698979,1.8945941842233296,2.6037323071111778,3.7491137014632283,4.163927731869496,3.954868301164857,3.501647308410345,2.9522718867375177,3.1151612664530233,3.381390916480898,2.4888384183158414,2.2815454124097165,2.38490698149008,2.169828591864058,1.988797149193949,2.1803368669404453,2.326618940042301,1.852161593831398,7.630051772100177,1.873994245486279,2.6035820133699867,3.5635719848542746,3.949057717252829,4.030693034644649,-1.8910534771399077,4.545037097490033,4.627321574956576,4.749223908240489,4.878953838443677,5.345055081168443,6.196110475658981,7.257236968817323,1.91341703705149,2.3487328874810247,1.096383306136454,0.5172510204053052,6.534286061246956,-0.08444889859560582,-0.3142817238051354,5.0538142368521575,3.720250239975576,3.1489592756805456,2.2931774576422574,2.0018403181519027,1.9896971329943711,2.245659647407928,2.1964168809153426,2.6312017232612637,5.500100488915448,-0.09543026748112857,0.6045285160520953,1.2232152520236104,1.7190802416854312,2.4056307855928605,3.005588286114145,3.569555172697471,3.5413137148297955,2.9878454368386484,3.3448963466800317,3.3667250502819464,4.522625768815596,5.597823154697536,-0.6436319637778599,5.888456197799223,5.927660217341195,5.6376560378056775,-0.5354700125737221,-0.04969850276328124,6.356145252340331,6.431555380021123,0.5224841593701555,6.92170079406312,1.6424047082538504,2.515671824252713,3.4441634283731184,3.5640290063274893,4.352447937809322,4.982501965828438,5.6591809727603755,-0.010488149008747597,7.217905587898035,1.1752362313903972,1.471283240033975,1.6810940404134855,1.670072676578854,1.7418567350104666,1.3027061639633983,1.4477488625768646,2.3219240241974264,4.078463328397316,-0.9805253074799812,5.675883752146948,-0.2734137435421371,-0.3120333527089169,5.3798007012989855,4.790289936778082,5.284528750611059,5.576795007019147,-0.4102054987185292,6.5195717535963595,7.277776383539955,1.467077600604278
0.44100000000000034,0.0742152924217477,1.9032726677749567,2.610426220881894,3.7371230385968417,4.156764791413109,3.9530461534543107,3.499074510009252,2.945688678584735,3.102786755375907,3.3611784790301313,2.4721536615930124,2.275907210598289,2.3924803072565957,2.1796205533165796,1.9938660138045536,2.1807048192038656,2.3191225533242568,1.8457953134331098,7.654932493379378,1.8870079432759859,2.6065285172933854,3.557040366729545,3.935711170186431,4.0103744857662615,-1.9147546550604586,4.527420033316483,4.619482309716665,4.746288024977817,4.878404168812483,5.34982248590819,6.212769996891774,7.282392687225137,1.8804773052368824,2.312536162284212,1.094652481571539,0.50994728693365,6.518725139912535,-0.10892025877761616,-0.34031605627276995,5.04600005080635,3.716245312600007,3.1784358189867263,2.313769156853329,2.008218244760666,1.9952767304173127,2.25960483543831,2.215657869649813,2.648522008162348,5.523223862689313,-0.09732108357165987,0.595809131755866,1.2198310111405977,1.7234520490150949,2.4090833459969234,2.9897234244822193,3.55661518613121,3.541441665353969,3.0025465087421956,3.360857770602849,3.382033335356627,4.539433470816877,5.588587707727368,-0.6552210289525716,5.886629590846743,5.93397017696107,5.632716929761535,-0.5575495633230629,-0.06419975253781857,6.356648153527386,6.4406808777552715,0.5369318671097179,6.93952869320369,1.6438648719675095,2.471831725102402,3.4267585469666266,3.569961160603006,4.334818624391205,4.968272520372729,5.655096084312112,-0.007570961408504951,7.229464855816924,1.1880657442644837,1.4785234250350479,1.679629061969458,1.6636831714869376,1.7344730806627355,1.295182563858009,1.4382864993675148,2.30881204915248,4.082706983751937,-0.9845494612697058,5.668027269944269,-0.28916447485579216,-0.3232956126554331,5.416578940927734,4.82953198241265,5.3106371415911084,5.593319910612178,-0.39423481643067787,6.542818321800442,7.300928023304157,1.4751404955324328
0.45100000000000035,0.07566123475756092,1.9113407965696416,2.616767243446815,3.7257324121925355,4.14964710393248,3.9509391420937887,3.4963622344909884,2.9389903056253472,3.090331088941058,3.3414428727384693,2.4558932329952916,2.2703760217723254,2.399524725617069,2.189075009501241,1.9989254868849042,2.180930626492723,2.3120696434054917,1.8406876637514331,7.67800960005574,1.900120787610855,2.60957648577529,3.550469599176636,3.922338207099452,3.9902457979576753,-1.9380085275837406,4.509985938680289,4.6114113679509625,4.743230014877325,4.877968412191808,5.3547343172425865,6.22923262370937,7.305575619740592,1.849159171672553,2.277085922236171,1.092120724486154,0.5024699421767267,6.503146655747029,-0.13304967779564766,-0.3657287787390621,5.037689518654417,3.7135623096197197,3.206265268923073,2.3339743150911,2.015208376097047,2.0012917299991426,2.273418440749554,2.234555168169375,2.6656573375542254,5.545656070957846,-0.09851831651557824,0.5875662452387376,1.2165667243171152,1.7274517901684234,2.4118022029974364,2.974750538936897,3.5441998351422366,3.5415437064675603,3.0167013230937116,3.3767213091945827,3.3973944910649387,4.555583627296858,5.579869988640338,-0.6662360900003358,5.884732300991169,5.939369091657725,5.627481260132075,-0.57848969226511,-0.07829263826536234,6.3568560329282935,6.449623262436948,0.5512864755514083,6.95674505861596,1.644303360150143,2.4302097398450506,3.4097163174415823,3.5739880389409997,4.3181155141227325,4.954304584477406,5.6509112355635,-0.004691743217366335,7.240834664611001,1.2005724641348554,1.4856085914883004,1.6783374129904678,1.6574864834053915,1.7271333940777058,1.2875734512180392,1.4288006200233114,2.295643415439304,4.086981324615946,-0.9886113577429374,5.659995447583806,-0.30430783334028383,-0.3328264155871951,5.451500415422863,4.868083188225855,5.336858050722498,5.610269123475017,-0.3779569674847157,6.565777367446335,7.323438327072334,1.483815887662734
0.46100000000000035,0.07708380683692442,1.9188779371808133,2.622781118814161,3.714910954833118,4.142583886292951,3.948568911562747,3.4935060268026534,2.9321771728800208,3.0778175335024867,3.322157880547153,2.4400435710206207,2.264935174742853,2.4060801423782068,2.19819894808777,2.003954411539019,2.1810478119766974,2.3054654635001772,1.8366931540342366,7.6994704695013025,1.9132556479832645,2.6127201933516475,3.5438671810722857,3.908949423138155,3.9703079127661547,-1.9608393798140782,4.492727434944395,4.603133908071052,4.740056304576917,4.877635882800477,5.3597736979952275,6.245470911584016,7.326832676745044,1.8194214038272323,2.242442730733275,1.0887919572885338,0.4948015518003919,6.487559471696656,-0.15684206113343174,-0.3905554394537295,5.028927761513211,3.7120790680897917,3.232588321444896,2.353800714854603,2.0227539018136924,2.0077227487252083,2.287117289801175,2.2531264346139,2.6826247378199777,5.567409856564213,-0.09906810384482154,0.5797938901788187,1.213415127891821,1.7310889597095536,2.4138573193447486,2.960598126693689,3.5322966905183613,3.5416299340838266,3.0303466118190627,3.392474421837092,3.412787222403682,4.571093066277343,5.571669151007832,-0.6767108443451868,5.882755711597777,5.943927534372267,5.62198608717677,-0.5983890991122267,-0.09198110609365134,6.356808494096334,6.458381294051136,0.5655198423905783,6.973352677402571,1.643786592775007,2.390685006011937,3.393003124496146,3.5763029314638195,4.302230815405674,4.940606176732853,5.646643850151932,-0.0018582815082504168,7.252016004806029,1.2127700851682115,1.4925461811500427,1.6772052867847043,1.6514742823452324,1.7198391692174952,1.2798872886150263,1.4192867469403432,2.2824039406627024,4.09129770504158,-0.9927122238349576,5.651829852245246,-0.31882722196851193,-0.34077757259585745,5.484710477031725,4.9059297676530775,5.3631731204440705,5.6276232640462025,-0.36139071626947183,6.588461226480995,7.345368810389711,1.4930345565472596
0.47100000000000036,0.07848403357295335,1.9259504251638966,2.628492933640935,3.704628735874117,4.1355829995948685,3.9459554401506085,3.490502739005138,2.925250548069995,3.0652661830918397,3.3032997416346572,2.4245905512100676,2.259570910615541,2.412182276354426,2.2069995251227716,2.0089354721544783,2.1810860565089665,2.2993103845914757,1.8336810874173075,7.719484102794684,1.92634774727149,2.615951653941678,3.5372404698063096,3.895554805433359,3.950561136121425,-1.9832695748544222,4.475637871208675,4.594672640996807,4.736773358102697,4.877396450089141,5.364924159020982,6.261460582758225,7.34622950394623,1.7912052796948066,2.208653965576993,1.084677544206584,0.4869270336063954,6.471970572792541,-0.18030301720650566,-0.4148297670308501,5.019759036542821,3.71167814980654,3.257536397090201,2.373257727159809,2.0308032181571702,2.0145504944183723,2.300716432894128,2.271389254590202,2.6994415457276904,5.588498531005231,-0.09901604237286342,0.5724848185205016,1.2103697939495857,1.7343742630108585,2.4153129789497614,2.9472005919550845,3.520891963843269,3.5417098726532275,3.04351638000478,3.408106366523673,3.4281915083066283,4.58598123281125,5.563979446895058,-0.6866761449319216,5.880693618713034,5.947710490859216,5.616264233351148,-0.6173362551669541,-0.10527112494920478,6.356540996922598,6.4669544649498745,0.5796065470435865,6.989354157371718,1.6423885838202803,2.3531351368396125,3.3765893030128065,3.5770825709992664,4.287066498542542,4.92718147261468,5.6423096578657566,0.0009230063267936546,7.263010096873805,1.2246714523600017,1.499342986423447,1.67622003535592,1.645638460296285,1.712591722948641,1.2721316250392487,1.40974067679446,2.2690792716312433,4.095667695935304,-0.9968511225244253,5.643569156833122,-0.3327131132386214,-0.3472938102452017,5.51634939065223,4.943064409236485,5.389563720261439,5.645362901576779,-0.3445533581522446,6.610882368666276,7.366774765904605,1.5027334690873673
0.48100000000000037,0.07986304612303298,1.9326137418561045,2.633927042215935,3.6948568912712125,4.128651071406901,3.943117177123955,3.4873503797814154,2.9182123987538033,3.052694369734502,3.284846842973221,2.4095197350367545,2.2542718894662497,2.417863183801055,2.215484040853037,2.01385466968218,2.181071493678904,2.293600789876798,1.8315347954573127,7.738201962145256,1.9393432993275121,2.619261151332016,3.5305965844620717,3.882163748296504,3.9310052476757424,-2.005319719441136,4.458711235130508,4.586048095103767,4.733387587380601,4.877240510705857,5.370169732348287,6.277180315876667,7.363845702450878,1.7644396009767505,2.1757543787646534,1.0797954587919156,0.4788336073150859,6.456385331680258,-0.2034387871421259,-0.43858353054807697,5.010226676938018,3.7122476656501484,3.281231207025744,2.392355930809398,2.039309468513882,2.021755902566137,2.3142293306401625,2.2893610763286896,2.7161253758017643,5.608935550171375,-0.09840678919343351,0.565630614207654,1.2074250493270748,1.7373193699209661,2.4162280407968253,2.9344979349763363,3.5099708712555224,3.5417924087127837,3.0562421215065445,3.423607977599186,3.4435885856678086,4.600269689608576,5.556791120820092,-0.6961603903448257,5.878541882963913,5.95077782391331,5.610344765291294,-0.6354105408209086,-0.11817021183763589,6.3560851941316185,6.475342862857061,0.5935236590420999,7.004752431917202,1.6401874620184054,2.3174388732079114,3.360448587050185,3.576487652179937,4.272534197654724,4.914031442963191,5.637922777674141,0.003646893955890229,7.273818380676771,1.236288619110135,1.5060052152186754,1.6753700549468107,1.6399711544865336,1.7053921851086327,1.2643131809777939,1.4001584058801855,2.2556548155499208,4.100103189139416,-1.0010251885586066,5.635249136600521,-0.3459621068741788,-0.35251093824329977,5.546550286821631,4.979485414659884,5.416011298194026,5.663468630021753,-0.3274608840091983,6.633053270571717,7.387705778906447,1.512855303798586
0.4910000000000004,0.08122198590848971,1.9389143761031749,2.639106994188731,3.685567720481907,4.121793613701287,3.9400711672162214,3.484047976920101,2.9110652550018448,3.040117021749036,3.2667794519897577,2.394816570945756,2.2490287757138945,2.423151712376809,2.2236599165340474,2.0187008579082297,2.1810269979916477,2.288329852737688,1.8301506479532077,7.755759134929356,1.9521981776369899,2.622637708812522,3.5239423278151927,3.868785068651599,3.911639594618114,-2.0270088150157917,4.441942075793549,4.577278848806084,4.72990528203854,4.877158962676454,5.3754950226601785,6.2926115021784526,7.3797706102676175,1.7390450268121107,2.1437669504811,1.0741693583693297,0.4705107286228711,6.44080774809068,-0.22625616470831877,-0.4618464554863225,5.000372990780476,3.713681792698233,3.303784665403847,2.4111067832636435,2.048230117611173,2.02932024835999,2.3276680247257775,2.3070591594973155,2.7326941045299256,5.62873415470522,-0.09728375652284635,0.5592218083832888,1.204575897738447,1.7399366968287289,2.4166562422492706,2.922435402809001,3.4995179404732215,3.5418857499275065,3.068553014855443,3.438971470683292,3.4589609260253145,4.613981644173998,5.550091214445149,-0.7051898536553858,5.876298118099002,5.9531847007124075,5.604253429864054,-0.6526832575251842,-0.13068704842269635,6.355469254521813,6.483547051940014,0.6072505442663269,7.019551144328981,1.6372626663324141,2.283478079562974,3.3445576532099976,3.5746636417183013,4.25855484556697,4.901154420422098,5.633495809913835,0.006309186597019778,7.284442502100876,1.2476329019232686,1.5125385489729493,1.6746446841876148,1.6344647629337872,1.6982414937265573,1.2564379222763493,1.3905360623815068,2.2421156668378495,4.104616503218835,-1.0052298512558868,5.626902704417746,-0.35857601113159476,-0.3565548340666507,5.575437915207273,5.015195881207295,5.442497668073637,5.681921142334489,-0.31012812772594245,6.654986308153932,7.4082062279724115,1.5233479984347622
